5.73797274545194531e-07 2.58600395936956612e-04 1.59488585279458011e-05 3.85948558775888785e-04 3.48358891863087317e-05 8.26141322949671146e-05 8.62670478517775052e-04 4.90391056596937587e-05 2.94058995436613816e-04 1.12572820724940963e-04 1.91728691845229318e-05 2.44941324853043320e-06 7.94772388838737714e-02 7.94772388838737714e-02 7.95956129192906467e-03 7.95956129192906467e-03 3.68178116741695852e-18 9.68851455247079880e-19 9.32980282114429361e-18 8.93113517833166321e-17 3.41196476624139582e-03 6.69044533165163036e-03 1.75009338527930963e-02 1.56596861773684501e-03 4.06411913056164142e-01 4.06411913056164142e-01 1.27039631776501259e-02 1.27039631776501259e-02 1.86092206115995155e-04 7.24240260488660499e-04 1.67825782482060246e-02 2.54166913736836222e-03 2.95626876949767227e-02 1.79645577100855214e-01 1.79645577100855214e-01 2.09399573165229058e-01 2.09399573165229058e-01 9.27573021895268155e-04 2.95691560467640537e-03 3.23378007358990881e-03 5.45807734653600690e-04 4.24279376829161080e-03 2.99920273029362057e-03 1.21957727732300274e-02 0.00000000000000000e+00 0.00000000000000000e+00 0.00000000000000000e+00 0.00000000000000000e+00 2.62948170960852323e-01 1.00000000000000000e+00 3.05169691615020777e-01 3.05169691615020777e-01 1.00000000000000000e+00 1.00000000000000000e+00 3.30844814386804131e-01 2.16464391883189000e-01 2.16464391883189000e-01 1.21334341856179057e-01 1.16236110275355492e-02 1.16236110275355492e-02 2.47783467742704669e-03 1.56480076658882679e-03 7.78219321919845861e-03 4.16423365573720310e-05 1.67881103546211503e-02 4.28849437809175962e-02 2.46194155346940551e-02 8.95623290142301930e-03 1.98531757665434434e-04 1.63222848798326848e-04 
2.00703498475548246e-08 8.18057170906863068e-06 1.14973305984077678e-07 1.12899635818150297e-05 1.05644983229307010e-06 2.41530357216662601e-06 2.43142908031039564e-05 6.26461035914991309e-07 8.56535138748945558e-06 1.43051978970648647e-06 2.29303284878651291e-06 2.22915749727299359e-07 4.42376037406553950e-03 4.42376037406553950e-03 1.89894609385464665e-04 1.89894609385464665e-04 1.29719099360704208e-19 1.88531180631051006e-20 4.30072869005072138e-19 1.75543040039421169e-18 4.66438232382421569e-05 4.07759324674550452e-05 1.08980740695400715e-04 9.88667488232012327e-06 4.12263351952645296e-02 4.12263351952645296e-02 1.19724606648018259e-03 1.19724606648018259e-03 3.62548086388083082e-06 1.61906960603747261e-05 3.61853408591815743e-04 5.28452246662707419e-05 1.63681895221177097e-03 9.35703648775763897e-03 9.35703648775763897e-03 1.10788787470813520e-02 1.10788787470813520e-02 6.46010371825306957e-05 4.93140066276144822e-05 3.10803535567648944e-04 1.12790085145377073e-04 9.38738180013413731e-04 6.65043874328702682e-04 2.86933279254725270e-03 0.00000000000000000e+00 0.00000000000000000e+00 0.00000000000000000e+00 0.00000000000000000e+00 6.51427485571523940e-02 2.76886553805272384e-01 1.84556434176480905e-01 1.84556434176480905e-01 6.44733400508463950e-01 6.44733400508463950e-01 6.59120516846875448e-01 4.38483367048674078e-01 4.38483367048674078e-01 1.48117935433345643e-01 5.12010063517881892e-02 5.12010063517881892e-02 1.24292762678442741e-02 9.45425193874528495e-03 4.80129474430139175e-02 2.00085356776963190e-04 3.39816391762552059e-02 8.00366502946800451e-02 4.14385143598883093e-02 1.50117127627545054e-02 2.44708151136897054e-04 4.10914411158973421e-04 
3.40391730269687612e-10 2.56364324058067714e-06 5.45270084568021547e-05 1.39015185898892427e-04 8.08897493622894083e-06 2.05867300245082370e-05 3.25342938533132724e-04 1.29001951648846538e-04 2.31170413974230659e-05 6.82036232956940400e-05 1.37693239897552897e-04 1.33014669171081693e-05 9.97637545023509140e-03 9.97637545023509140e-03 5.85480554105635167e-04 5.85480554105635167e-04 1.63965328240788022e-18 1.82112297265806713e-19 1.17043199949948020e-17 3.48254121766564849e-19 3.32447119460896182e-04 5.39661861746711796e-03 1.94715521037453279e-02 7.40008114551432301e-03 5.77312435353110470e-02 5.77312435353110470e-02 2.27172483900979841e-03 2.27172483900979841e-03 8.41812267985622025e-04 7.20779532195322918e-04 3.17886251540146908e-02 1.12812098089144879e-02 1.00000000000000000e+00 4.39977111711289781e-01 4.39977111711289781e-01 5.17915711556724556e-01 5.17915711556724556e-01 1.65478032233471933e-01 7.79115419686949836e-04 7.95162783395095794e-03 3.74850312672296180e-04 4.94541090856481964e-03 6.18719226674036091e-03 3.26299810703751109e-02 0.00000000000000000e+00 0.00000000000000000e+00 0.00000000000000000e+00 0.00000000000000000e+00 4.32571491601513244e-02 1.86367518758760314e-01 9.74185765344996735e-03 9.74185765344996735e-03 1.85305865654279457e-02 1.85305865654279457e-02 1.41723099405247910e-01 1.25975467613790137e-01 1.25975467613790137e-01 1.34996592306370372e-01 4.85777028390202772e-02 4.85777028390202772e-02 6.70899307395996639e-06 5.33733410271745888e-06 1.89444860607485792e-05 1.79139767899189629e-06 3.23950686213337611e-06 2.02899254013765600e-06 4.93008351446709817e-07 1.04418226114171983e-07 1.46222615560735763e-07 1.59614957726804343e-07 
3.55147349620638626e-10 2.64555711165890321e-06 5.57338759817151263e-05 1.42074617515136229e-04 8.26666966894613714e-06 2.07183147563487523e-05 3.27394864788005911e-04 1.29782390634861642e-04 2.30639169868691574e-05 6.66431699275400486e-05 1.34365498779283235e-04 1.29799009434299867e-05 1.13382263298085467e-02 1.13382263298085467e-02 5.08448971326537101e-04 5.08448971326537101e-04 1.70859958815929641e-18 1.11496848652011246e-19 1.07995841625153929e-17 5.57500122190920200e-19 2.70185920803939434e-04 3.36099220846344934e-03 1.20768541160855246e-02 4.57749932955080468e-03 7.73856244553658701e-02 7.73856244553658701e-02 3.15941463666737478e-03 3.15941463666737478e-03 4.16317693270598025e-04 3.54194616732652365e-04 1.55803553444453131e-02 5.46001069594851014e-03 2.92381292885850741e-01 1.23978339738201798e-01 1.23978339738201798e-01 1.43487705850069758e-01 1.43487705850069758e-01 4.22381006842041593e-02 1.30875606947658253e-04 1.06615632636287527e-03 4.48002274929082307e-07 8.01529059510458657e-06 1.13275075790068136e-05 6.40221650674513843e-05 0.00000000000000000e+00 0.00000000000000000e+00 0.00000000000000000e+00 0.00000000000000000e+00 3.44009163934693926e-03 2.31304793195939613e-02 7.52501771916992274e-02 7.52501771916992274e-02 9.09537804098392300e-02 9.09537804098392300e-02 4.93218770784884519e-01 4.59937026815481376e-01 4.59937026815481376e-01 6.19805245334651422e-01 3.89123502502192631e-01 3.89123502502192631e-01 2.79237410195180933e-04 2.22641851959947290e-04 8.06080510758911653e-04 7.63972441836675153e-05 1.67324452904197879e-03 1.13071790324068152e-03 3.01345033967206281e-04 6.40052913001694054e-05 3.72143314208442974e-04 1.99882693042352261e-04 
9.98288316320014024e-01 1.68008987960381051e-01 1.49806485410832416e-02 2.84017183757420306e-02 4.27213085987007257e-03 5.83844409766280398e-03 3.61390038359085466e-02 1.84878563336057095e-02 4.42418026926891736e-02 3.45362556089182302e-02 1.06585992125470454e-02 9.92663351577169686e-04 8.12943204050350587e-01 8.12943204050350587e-01 3.31108357118004348e-01 3.31108357118004348e-01 2.06290333978863645e-16 0.00000000000000000e+00 5.99292962744591235e-16 5.24482744971921574e-16 2.13865612804100658e-01 4.37302089111609449e-02 4.99509133415027839e-02 2.34996462276690146e-02 6.39413759056091879e-01 6.39413759056091879e-01 2.49228406516646406e-02 2.49228406516646406e-02 5.40025145335411468e-03 3.43107277022089820e-03 2.14263960104092051e-02 5.44254036867269659e-03 4.47131521397612329e-03 1.33485702694041530e-01 1.33485702694041530e-01 1.68328621931097322e-01 1.68328621931097322e-01 5.79302274767443123e-05 4.73985108882191072e-02 2.30510188624223691e-02 2.22137437513463334e-03 3.80322817558111830e-03 3.33097965168665340e-03 1.57910097047681865e-02 0.00000000000000000e+00 0.00000000000000000e+00 0.00000000000000000e+00 0.00000000000000000e+00 1.19380167281411872e-02 2.70806870955616168e-02 3.35419739557265163e-03 3.35419739557265163e-03 9.19353307155253846e-03 9.19353307155253846e-03 6.90304424021593536e-03 5.23047633306171836e-03 5.23047633306171836e-03 1.12085548179476288e-02 1.81541251577861176e-02 1.81541251577861176e-02 1.75393941866109437e-05 1.20136213740214387e-05 2.45454241684843401e-04 2.04380018149217648e-06 7.68443866749976494e-06 1.97737465957387692e-05 2.35150750120191293e-05 1.01488458407467548e-05 2.53496035614935272e-06 6.16577071894729305e-06 
3.48783819258329401e-05 9.04982404443564759e-03 7.93712508004711803e-06 1.13095800840270926e-05 2.46015816926544779e-06 9.75173234225442748e-06 4.43021896631136009e-05 3.06577123925557617e-05 4.63892350842191100e-03 2.62421019125955363e-04 3.48983581732031161e-05 3.22456054137806968e-06 8.52937065403753802e-01 8.52937065403753802e-01 9.88629064510440969e-01 9.88629064510440969e-01 5.56178974287301923e-16 7.92080563885000643e-17 5.33425093333628829e-16 1.79564591407745266e-15 5.57210870825545657e-01 2.66199925583397480e-02 5.65550643347018968e-03 7.81271384033702977e-03 8.50050219543735386e-01 8.50050219543735386e-01 3.33583664133679306e-02 3.33583664133679306e-02 1.08708746453017938e-02 3.11033886242686021e-03 1.77144122177217145e-02 4.26178227897140108e-03 1.15522910999061755e-03 7.70726266794719839e-02 7.70726266794719839e-02 1.00008416858795884e-01 1.00008416858795884e-01 3.68901996541523637e-06 7.61867383937440551e-02 2.16327624425761617e-01 1.57001879483140844e-02 2.15167822356533110e-02 1.21008340333588751e-03 5.77381340587527006e-03 0.00000000000000000e+00 0.00000000000000000e+00 0.00000000000000000e+00 0.00000000000000000e+00 1.20224532977969822e-02 4.54348818428815596e-02 1.12537202224756942e-02 1.12537202224756942e-02 3.45218775832626668e-02 3.45218775832626668e-02 1.02008021767705198e-03 1.03911846590265056e-03 1.03911846590265056e-03 3.20440536412669886e-03 2.24424146017527977e-02 2.24424146017527977e-02 3.47421672505632230e-03 1.79338031083607001e-03 8.62287477611567779e-03 6.02391405538715103e-05 6.41074713599351869e-06 1.54819147328927537e-05 9.56212201695406544e-06 2.52025714968738261e-06 3.29290804168523282e-06 1.13662083613709368e-05 
4.71874610166356161e-10 8.59884558908615917e-05 1.53745675472540449e-05 2.86603962821681825e-05 4.34389197024583132e-06 1.01916472519704833e-05 6.34104654073044016e-05 3.28881122037867155e-05 1.04183101540732950e-04 6.05415729906099992e-07 1.20654487014212211e-06 1.08263679003128208e-07 6.86878732731832902e-03 6.86878732731832902e-03 3.32574356284964226e-03 3.32574356284964226e-03 1.22790581290949814e-18 1.68895517379526461e-19 9.07517178456996553e-20 1.29156174924382713e-17 1.51396352670612132e-03 5.88867604367848164e-04 1.28069345796805374e-03 1.01846122948205545e-04 2.49633463502371214e-02 2.49633463502371214e-02 7.30072118069369723e-04 7.30072118069369723e-04 1.01193492605947480e-04 1.27205620321760077e-04 1.11711526133613927e-03 2.82356832290590083e-05 1.52878197490292911e-03 1.17911060089334382e-02 1.17911060089334382e-02 1.36850000468460072e-02 1.36850000468460072e-02 5.13819910863414216e-05 9.44300437289599844e-04 7.56248158287560848e-04 1.80529598709265778e-04 1.15702503033209524e-03 7.01129498690800340e-04 3.07000936049908139e-03 0.00000000000000000e+00 0.00000000000000000e+00 0.00000000000000000e+00 0.00000000000000000e+00 3.88176912999980903e-02 1.53753428174156936e-01 9.59560816569839103e-02 9.59560816569839103e-02 2.85000103586949827e-01 2.85000103586949827e-01 1.12306942200156329e-01 7.39063008696373841e-02 7.39063008696373841e-02 3.98937657297389475e-02 4.58047597953658171e-03 4.58047597953658171e-03 1.15714823049320654e-03 3.33839866831452104e-04 1.56749790657756492e-03 2.33951453574132893e-05 2.87108093827229516e-01 1.00000000000000000e+00 1.00000000000000000e+00 3.72112102782406806e-01 3.42805626405523218e-04 2.50892848158595179e-04 
1.10944253436152519e-17 1.55890638778252524e-17 3.25241545243871115e-19 1.10715747785201202e-18 1.09581864534447539e-19 3.70531962717113731e-19 1.96357862841027837e-18 1.04946258944039682e-18 7.22915982035646191e-18 2.90764911272719125e-18 3.95036902092505696e-18 5.32189531296404901e-19 3.31313744493708487e-17 3.31313744493708487e-17 3.15301557922034649e-16 3.15301557922034649e-16 2.86201304810177679e-02 2.14212731153722025e-02 1.17273004926329361e-01 1.00000000000000000e+00 5.40535520057559553e-15 4.28717012538835771e-17 9.29065287348597859e-17 7.80905864016311443e-18 2.46585200062484267e-17 2.46585200062484267e-17 9.70375624651319831e-19 9.70375624651319831e-19 3.05423962971088666e-18 3.48631558804883457e-18 1.24558798505868686e-17 2.71408213785013934e-19 3.57563199182857684e-18 2.44003654612724384e-17 2.44003654612724384e-17 2.82505287203868521e-17 2.82505287203868521e-17 6.99377153066322768e-19 7.17002036016105900e-19 1.55298808771917314e-18 2.38281349222284163e-19 2.31592487885507266e-19 2.07110578769921853e-18 3.29937031240922755e-19 0.00000000000000000e+00 0.00000000000000000e+00 0.00000000000000000e+00 0.00000000000000000e+00 4.66464228818361919e-18 3.79930191547348073e-17 2.31332303819913814e-18 2.31332303819913814e-18 1.12533978487428301e-17 1.12533978487428301e-17 6.69255086753374587e-18 4.42526797084793345e-18 4.42526797084793345e-18 1.05811686826417598e-18 1.63408895527884277e-19 1.63408895527884277e-19 6.02871505019494031e-21 2.21125128784825719e-21 2.00954952553895638e-20 1.56288136671045877e-21 2.54487793923196638e-20 7.79182011653054412e-20 3.31405069145041307e-20 1.92565529260386590e-20 3.50934941735003130e-22 4.72057960788534129e-22 
2.29014750471475586e-04 3.47234228220421770e-01 6.70630972095079159e-01 1.00000000000000000e+00 1.40093132359650541e-01 7.19702400200240150e-03 4.46821077242096562e-02 2.23217643385780762e-02 3.86494343776880162e-02 3.67269196357057563e-05 7.96053797654327588e-06 6.99206764561378378e-07 5.75773074614690464e-03 5.75773074614690464e-03 1.96352841246857923e-02 1.96352841246857923e-02 8.18826403301639772e-18 1.13192811933140591e-17 3.34026995843409663e-17 8.30628648407882732e-17 1.17161175199559323e-02 8.38915482824954145e-04 1.66402396309642221e-03 1.23290141609986534e-04 4.37907952295091794e-03 4.37907952295091794e-03 1.60289254429876103e-04 1.60289254429876103e-04 1.02312290906882261e-04 1.09162271466344476e-04 6.08523654453435050e-04 5.16293873150762615e-05 3.35295123016163276e-05 1.53053379904867916e-03 1.53053379904867916e-03 1.75460900731613388e-03 1.75460900731613388e-03 6.31414525567706195e-08 3.09316074547823878e-04 1.34417145171122313e-04 1.16058170201728331e-05 6.48694169590681620e-05 3.44729670038876270e-05 1.58584937806650612e-04 0.00000000000000000e+00 0.00000000000000000e+00 0.00000000000000000e+00 0.00000000000000000e+00 2.28989048030293175e-04 6.58003147195523126e-04 4.69073816735729313e-05 4.69073816735729313e-05 1.77231384611405683e-04 1.77231384611405683e-04 3.19194240650927442e-05 2.52337613592108356e-05 2.52337613592108356e-05 3.35748640113823720e-05 8.11997790609415986e-06 8.11997790609415986e-06 6.97004746060469171e-06 3.60141148373281499e-06 1.75980025930062438e-05 1.23557180672986911e-07 3.18941788390463048e-08 7.87904931202482592e-08 7.47613346525019023e-08 2.90972159812367066e-08 1.87089503126934071e-09 3.88150697682072714e-09 
4.15776944632638413e-10 2.59054967059218718e-04 4.57228545869657954e-05 8.74667062750834402e-05 1.31295118481163790e-05 3.07435958672651503e-05 1.92320645830549333e-04 9.82919440922693253e-05 3.15466057043177397e-04 8.07659713080448210e-07 1.83711056196563036e-07 1.61405372835893274e-08 2.69833712012753323e-02 2.69833712012753323e-02 1.03126667939442106e-02 1.03126667939442106e-02 5.04255740828062281e-18 7.59466499446691754e-19 3.50751393016361482e-18 1.76208054783763033e-17 4.75996438779228200e-03 1.42924666244974860e-03 2.87862450119499933e-03 2.15388823019428276e-04 9.33495339483315090e-02 9.33495339483315090e-02 3.69991041118383204e-03 3.69991041118383204e-03 3.49502622067987252e-04 3.78796834959688178e-04 2.12510570708552074e-03 1.85867755921605409e-04 2.94258392713212576e-04 1.51643158545740325e-02 1.51643158545740325e-02 1.77885032672889312e-02 1.77885032672889312e-02 6.55810039540499588e-07 4.84086545791886924e-03 2.49656440155454065e-03 7.86399009987517991e-04 4.46705592471526025e-03 2.39096936142240910e-03 1.10461670556381546e-02 0.00000000000000000e+00 0.00000000000000000e+00 0.00000000000000000e+00 0.00000000000000000e+00 3.05590699623465196e-02 1.05940990544758043e-01 1.12013657974669393e-02 1.12013657974669393e-02 4.91341212612483591e-02 4.91341212612483591e-02 5.26083590204615217e-02 3.96869778105447685e-02 3.96869778105447685e-02 4.71896761558529138e-02 1.10359801185297979e-02 1.10359801185297979e-02 1.00000000000000000e+00 4.34452047993139190e-01 8.77452065281908222e-01 5.77136661408140551e-03 2.57262705073550520e-05 6.22936820410148196e-05 5.77590001041737773e-05 2.24644565584925979e-05 7.76420500678195485e-07 1.49414177601527682e-06 
3.32451540346870253e-08 3.50762111987975508e-02 1.16892281256289286e-02 2.25845975907650320e-02 3.40104772584957004e-03 1.49288241170457275e-01 1.00000000000000000e+00 6.49044219499455455e-01 3.80259327127389302e-01 2.58098731863523655e-03 1.32833973528800127e-03 1.17604942065726204e-04 8.59186376066704664e-03 8.59186376066704664e-03 3.61804699469723198e-02 3.61804699469723198e-02 5.43068428225986920e-17 5.21226138396074245e-18 1.93434086223855922e-17 1.94076065372160154e-16 2.64040977431297189e-02 1.51992200224892906e-03 3.01033453320966645e-03 2.22827924366547620e-04 6.57845183751661500e-03 6.57845183751661500e-03 2.40649093709473428e-04 2.40649093709473428e-04 1.75148194592072027e-04 1.86678999165995564e-04 1.04019911885850822e-03 8.80780810995448782e-05 5.46139853045309856e-05 2.47636322008882616e-03 2.47636322008882616e-03 2.83643334570898029e-03 2.83643334570898029e-03 1.02175024261693232e-07 4.93706839950656994e-04 2.13493558777213204e-04 1.79633945917157346e-05 1.00381898459901109e-04 5.33397718086892170e-05 2.45362927585009074e-04 0.00000000000000000e+00 0.00000000000000000e+00 0.00000000000000000e+00 0.00000000000000000e+00 3.51633681151240242e-04 1.00868593023582093e-03 7.00963445598463134e-05 7.00963445598463134e-05 2.65895263695309770e-04 2.65895263695309770e-04 4.81245067181227586e-05 3.80356873845583759e-05 3.80356873845583759e-05 5.05539969633793870e-05 1.21965767155670188e-05 1.21965767155670188e-05 1.04127701569268626e-05 5.38023065972315872e-06 2.62887686632599613e-05 1.84574806075519930e-07 4.74606021512890009e-08 1.17237797459479506e-07 1.11234145557504882e-07 4.32923871124387491e-08 2.77659585797931426e-09 5.75836292117008641e-09 
6.03566107005455411e-06 1.83991055540676457e-03 1.90897325482151314e-06 2.72655992286468084e-06 5.93559414139424556e-07 3.38083779534223083e-06 1.53969606173587361e-05 1.07350961354248023e-05 2.16440651539376869e-03 1.16206283358501108e-03 3.64162532874508476e-04 3.39151471630123565e-05 2.49974097551390710e-02 2.49974097551390710e-02 9.94676476400108006e-02 9.94676476400108006e-02 1.32150130622223276e-17 3.90909841019148258e-18 7.01143012130409387e-18 4.20018336698274571e-17 2.88869634777464447e-02 2.55454103806381713e-02 5.81611215246861501e-03 8.41961821204282451e-03 9.36834116287823052e-03 9.36834116287823052e-03 3.30403104928450532e-04 3.30403104928450532e-04 3.74273440030870388e-03 1.46973414775171396e-03 9.39587715133697113e-03 3.70749328490110322e-03 4.25443020750665337e-03 1.12210069806096005e-01 1.12210069806096005e-01 1.44756653115567069e-01 1.44756653115567069e-01 5.70470366374896436e-05 1.47430336836039788e-01 2.98545168328937460e-01 5.04146155930367046e-01 1.00000000000000000e+00 6.81269619809086457e-02 3.68146276084141466e-01 0.00000000000000000e+00 0.00000000000000000e+00 0.00000000000000000e+00 0.00000000000000000e+00 4.81713565812085919e-03 9.02871386297106164e-03 2.75027725917780952e-06 2.75027725917780952e-06 1.97552584026115028e-05 1.97552584026115028e-05 1.08469074465912743e-06 1.02378628684917219e-06 1.02378628684917219e-06 2.19464114901817458e-06 6.40148736791008444e-06 6.40148736791008444e-06 8.60940954268235454e-08 4.43056378969567382e-08 2.07299673320461643e-07 1.44366381812656249e-09 9.38890606281202882e-12 2.12884612329278422e-11 1.21995524492831679e-11 3.20812504539509477e-12 1.01314087199975560e-13 1.29809637951482814e-13 
2.41422063310035119e-05 7.48326038800113582e-03 7.88000716993205304e-06 1.12570664732108545e-05 2.45076248376461608e-06 1.43041072568287684e-05 6.51524075286969210e-05 4.54444267763997025e-05 9.28771500385331544e-03 5.16424025576369024e-03 1.62202531642584237e-03 1.51064276216133424e-04 5.83245681388757306e-02 5.83245681388757306e-02 4.95960195077716326e-01 4.95960195077716326e-01 7.93377575976699734e-17 2.72599935371949372e-17 3.79839165903037295e-17 2.69326791808538731e-16 1.91431253219328940e-01 7.76631417985426786e-01 1.87886076799119756e-01 2.83501814266008123e-01 1.31158224381976735e-02 1.31158224381976735e-02 4.51186030808068078e-04 4.51186030808068078e-04 4.64261645295588610e-02 1.75146980953394191e-02 1.10194141728245681e-01 4.03832212731545515e-02 1.11063839522505484e-02 2.47767831645582609e-01 2.47767831645582609e-01 3.11190861917326866e-01 3.11190861917326866e-01 1.20864079611744213e-04 1.89873784976852589e-01 3.10757235231768236e-01 1.95070897105410791e-02 3.16719210497226206e-02 1.94716453835954697e-03 9.84745889920287353e-03 0.00000000000000000e+00 0.00000000000000000e+00 0.00000000000000000e+00 0.00000000000000000e+00 9.44436729908857851e-04 2.20063147748914088e-03 2.44978661100801765e-06 2.44978661100801765e-06 1.61148193387218710e-05 1.61148193387218710e-05 7.06850623086329270e-07 6.72560233761031661e-07 6.72560233761031661e-07 1.49308718531617489e-06 4.68814223319324659e-06 4.68814223319324659e-06 7.25499357024571025e-08 3.73403813011186588e-08 1.74910515878922690e-07 1.21826083618965300e-09 8.62395304851490784e-12 1.95798419120363190e-11 1.12377287009651975e-11 2.95533002002250337e-12 9.80755750584634963e-14 1.26557576260595341e-13 
1.20712491929197256e-05 3.70019598392830459e-03 3.85778316806083441e-06 5.51036338719472871e-06 1.19960467587180552e-06 6.88697877397899502e-06 3.13659438285388180e-05 2.18719151604686037e-05 4.42896841611085685e-03 2.40419808274913802e-03 7.53948243757435622e-04 7.02169151057938692e-05 4.29373709502965870e-02 4.29373709502965870e-02 2.17111149444262047e-01 2.17111149444262047e-01 3.12108298979892328e-17 7.82832545008354052e-18 1.09033551364361950e-17 9.48073872405236885e-17 6.65700562450721872e-02 7.19058907384868828e-02 1.64310715635104902e-02 2.38426651941499347e-02 1.24211703030958336e-02 1.24211703030958336e-02 4.30296386834433126e-04 4.30296386834433126e-04 1.33865715397092251e-02 5.29843101590959757e-03 3.39828306780362299e-02 1.36240708404248081e-02 5.45727513612752485e-02 6.65058758205464340e-01 6.65058758205464340e-01 8.50633179031643705e-01 8.50633179031643705e-01 3.05536091144012435e-03 7.99904342994351980e-01 9.72032964108241360e-01 2.98378982734215994e-02 4.82723201304582558e-02 2.96309147159582722e-03 1.49714218853372761e-02 0.00000000000000000e+00 0.00000000000000000e+00 0.00000000000000000e+00 0.00000000000000000e+00 1.29018018891271158e-03 2.94236556353153237e-03 2.56413360556603228e-06 2.56413360556603228e-06 1.73458432572161168e-05 1.73458432572161168e-05 7.99707011174378741e-07 7.59419108329119152e-07 7.59419108329119152e-07 1.67115849421353190e-06 5.14737071981749037e-06 5.14737071981749037e-06 7.65649534431936438e-08 3.94053429078977348e-08 1.84520540407841931e-07 1.28514518880011903e-09 8.86470099576269800e-12 2.01180696735861370e-11 1.15410304937761122e-11 3.03504900719961355e-12 9.91318303358333611e-14 1.27623337174294931e-13 
1.08614570908606442e-04 4.23094672622280135e-02 5.61837627775157319e-05 8.05217003118328131e-05 1.75485467729026250e-05 1.65069215355256822e-04 7.54215992954071208e-04 5.31118918029696661e-04 1.55047276362094755e-01 1.00000000000000000e+00 7.50710557794148414e-01 7.04766770770865886e-02 6.56896604574885076e-03 6.56896604574885076e-03 5.64637254243945952e-01 5.64637254243945952e-01 1.18245614084360489e-15 1.27092691715733686e-16 1.31211126116895214e-15 3.73237091872278782e-15 9.75587986367481119e-01 1.17479981674805625e-01 2.66357568214283247e-02 3.84676826711682282e-02 4.55867700044598940e-04 4.55867700044598940e-04 1.48460222531195587e-05 1.48460222531195587e-05 5.53219497692177473e-02 1.64069574852928474e-02 9.50498564871311569e-02 2.53846061163804926e-02 4.89468997511834482e-04 9.06840229685052825e-03 9.06840229685052825e-03 1.09129841238252631e-02 1.09129841238252631e-02 3.67278636256575119e-06 1.87633958950460126e-03 1.43750129555380224e-03 1.93525405103107609e-04 3.15683525141867362e-04 1.94472070689909402e-05 9.84677192936251277e-05 0.00000000000000000e+00 0.00000000000000000e+00 0.00000000000000000e+00 0.00000000000000000e+00 1.02637396334699557e-05 2.39677606753631959e-05 2.04427646943923930e-08 2.04427646943923930e-08 1.45911659314567017e-07 1.45911659314567017e-07 5.73484173791994011e-09 5.40802029446090765e-09 5.40802029446090765e-09 1.14646249308817806e-08 3.18508645765858768e-08 3.18508645765858768e-08 3.24831134407718461e-10 1.67088711393510730e-10 7.78638740401496288e-10 5.42003379017261778e-12 2.15944640701616490e-14 4.83566440203383551e-14 2.73020448346490671e-14 7.17640384969409524e-15 1.01239104141607842e-16 1.03094141028623489e-16 
5.43156607986648177e-06 1.81234331283808650e-03 2.04072729611920138e-06 2.91786777862716337e-06 6.35425378893093046e-07 4.15732357778217931e-06 1.89481120835843526e-05 1.32426142827492565e-05 2.89066907988109372e-03 1.92216763782460825e-03 6.11084802808438562e-04 5.69162316895230851e-05 2.38863335009411410e-03 2.38863335009411410e-03 1.38730306837426626e-01 1.38730306837426626e-01 2.03249227794152023e-16 2.61888408099224677e-17 2.07487278762599457e-16 6.36348333030995766e-16 2.27599376215862681e-01 1.55541207046502539e-01 3.61917436931101649e-02 5.31570038283149110e-02 1.74523964550593364e-04 1.74523964550593364e-04 5.53841172869778359e-06 5.53841172869778359e-06 5.08995133772462083e-01 1.65803836695377016e-01 1.00000000000000000e+00 3.30278198136208512e-01 2.66412441847384230e-03 3.90283957136708035e-02 3.90283957136708035e-02 4.69985901567280054e-02 4.69985901567280054e-02 2.02141831490812314e-05 1.56766997730154629e-02 2.00286190632651788e-02 3.10441340122981759e-04 4.97164035882675655e-04 3.03802583361969072e-05 1.53089701292648354e-04 0.00000000000000000e+00 0.00000000000000000e+00 0.00000000000000000e+00 0.00000000000000000e+00 8.96751846360243764e-06 1.84813883396569316e-05 2.97756603667851728e-09 2.97756603667851728e-09 2.70435714561994345e-08 2.70435714561994345e-08 1.26047207340914012e-09 1.16495253650361585e-09 1.16495253650361585e-09 2.24313359466377039e-09 4.94170043047294513e-09 4.94170043047294513e-09 2.64809549972818496e-11 1.36105327390187615e-11 6.29750271064735159e-11 4.38004953777114766e-13 8.45946746156683932e-16 1.86394919891138930e-15 1.03232875924182261e-15 2.71189360034412520e-16 1.48307031804733593e-18 1.17579568552843940e-18 
5.62153576810614597e-07 5.00010148588732307e-04 2.42333704123088610e-05 3.01586884437966775e-04 2.74684863032742291e-05 6.58950640301953627e-05 6.66602190216133397e-04 5.03580256952987750e-05 5.31028221134350752e-04 4.47868338720428742e-04 1.40822742966320710e-04 1.20706597764150962e-05 9.69708119061689217e-02 9.69708119061689217e-02 1.62495532431603529e-02 1.62495532431603529e-02 2.61324362084619660e-17 5.91078601781509664e-19 6.16320499158618864e-17 5.95178130371876432e-17 7.86377461044776398e-03 4.10341434055348717e-02 4.31394981838729291e-02 1.40465738864666489e-03 3.82844251328237350e-01 3.82844251328237350e-01 3.69643168932671726e-02 3.69643168932671726e-02 1.28120022548766958e-04 3.77500249366761738e-04 1.42062594154331936e-02 3.27543487119100879e-04 7.51872979221802074e-02 2.82370184132979596e-01 2.82370184132979596e-01 2.41418211983868980e-01 2.41418211983868980e-01 1.18673556546571267e-02 3.24334420347823383e-03 9.74280834445625556e-03 2.99757608102983384e-04 1.10066723598370754e-02 6.64915922334732672e-03 1.94139888804638061e-02 0.00000000000000000e+00 0.00000000000000000e+00 0.00000000000000000e+00 0.00000000000000000e+00 3.30137557093828082e-01 8.86911113281041330e-01 4.72093387561888289e-01 4.72093387561888289e-01 9.23022705156855472e-01 9.23022705156855472e-01 8.64660989956506365e-02 1.80832208936213712e-01 1.80832208936213712e-01 4.67136347715610079e-01 5.38934844634849503e-03 5.38934844634849503e-03 2.46618173172419601e-03 1.10307525051723176e-03 8.51611477480251552e-03 5.59354732166881714e-05 2.66447775721024710e-02 4.01350569398935542e-02 1.99243046492093498e-02 1.05767427611417296e-02 5.69134288309613274e-04 4.11367426623756606e-04 
2.40583144879248129e-08 1.62297523585277458e-05 7.71008871212165237e-07 8.85194527544890451e-06 7.58648006655171620e-07 1.75870316873095814e-06 1.88732074608025285e-05 1.54304316988955494e-06 1.58511417556491751e-05 9.82576262760280039e-06 5.45083777002574639e-06 4.93616551991979797e-07 4.94256328033913610e-03 4.94256328033913610e-03 4.00964889574959395e-04 4.00964889574959395e-04 4.93648861678688413e-19 2.56984784852170408e-20 6.71145185252440359e-19 8.39232695240367585e-19 1.11489000009558587e-04 2.07390286434777269e-04 2.39695861409851870e-04 8.33175999656560090e-06 4.39725788006469429e-02 4.39725788006469429e-02 4.18778837904675710e-03 4.18778837904675710e-03 2.74972485059330830e-06 6.67624384459645089e-06 3.01108960170078013e-04 9.97563621546532223e-06 4.30118265637765944e-03 1.51991837410310800e-02 1.51991837410310800e-02 1.34790261378586063e-02 1.34790261378586063e-02 3.54664842970038206e-04 1.19819126855706087e-04 9.49204383222540982e-04 6.59402527533565022e-05 1.92486289381140819e-03 1.30469042857701942e-03 4.04191683289571030e-03 0.00000000000000000e+00 0.00000000000000000e+00 0.00000000000000000e+00 0.00000000000000000e+00 8.04132633805811903e-02 2.32210714032470039e-01 2.85919787063813657e-01 2.85919787063813657e-01 6.05008594386204690e-01 6.05008594386204690e-01 3.36190238255494489e-01 3.92565279624578323e-01 3.92565279624578323e-01 1.00000000000000000e+00 2.90563546914562459e-02 2.90563546914562459e-02 1.24595290465712889e-02 7.26337973036078263e-03 5.11617052057748295e-02 4.79119633509092859e-04 5.40005415594812799e-02 7.51265847274703025e-02 3.32585743252432758e-02 1.76448518111887893e-02 8.00033984201606080e-04 1.23267349031174140e-03 
5.22888078666297272e-10 1.08481466528233526e-06 2.37641166041817145e-06 9.34225985544700409e-05 1.21863461239183246e-05 2.94744340062554195e-05 2.13561163518451896e-04 5.95881147687907127e-06 2.22664058147919081e-06 1.52573743506928446e-04 2.48216265251095119e-04 2.11035733195935864e-05 1.70836509227792407e-02 1.70836509227792407e-02 2.19895044981160102e-03 2.19895044981160102e-03 1.91651781725541911e-19 4.03922652189325431e-19 1.69623898641698050e-18 1.43445145254586084e-17 1.35238408600201095e-03 6.18444112113184161e-02 6.46755994743073576e-02 3.76958616571882290e-03 1.04953700300869784e-01 1.04953700300869784e-01 5.46521338794621683e-03 5.46521338794621683e-03 1.21586730330764618e-03 1.16740600562519167e-03 2.40337271070780213e-02 4.01981990780456936e-03 2.88904785953785381e-01 8.28683214105585542e-01 8.28683214105585542e-01 1.00000000000000000e+00 1.00000000000000000e+00 4.83870053028648966e-02 7.19384263289662568e-02 1.00951008709875938e-02 1.24647980305334115e-04 1.63420687003530338e-02 1.14845121435122998e-02 4.40962602103302445e-02 0.00000000000000000e+00 0.00000000000000000e+00 0.00000000000000000e+00 0.00000000000000000e+00 3.61555324597401043e-02 1.22644001822755557e-02 9.14525542436763102e-03 9.14525542436763102e-03 5.28006749260094208e-03 5.28006749260094208e-03 2.87343280102086540e-01 2.01062580405154345e-01 2.01062580405154345e-01 9.40714889401256943e-02 1.19857809661320133e-01 1.19857809661320133e-01 3.04212302688527414e-05 2.27689983658165617e-05 3.36218455307815076e-05 4.13712279035737891e-06 3.14591063783050074e-06 1.78828350924572557e-07 1.15513839526127155e-06 2.84947250397919082e-07 1.38853984281888729e-07 7.86503885481894215e-07 
5.45554720203080262e-10 1.11947680829934142e-06 2.42900970567766522e-06 9.54786332951748152e-05 1.24540499472652498e-05 2.96628265043114782e-05 2.14908086123999489e-04 5.99486123215651640e-06 2.22152362177125935e-06 1.49082958113943225e-04 2.42217427016821563e-04 2.05933896575313193e-05 1.94156987844067430e-02 1.94156987844067430e-02 1.90963489114119871e-03 1.90963489114119871e-03 3.15082656092978937e-19 2.83677931229564428e-19 2.39475243737454904e-19 1.30675085985221979e-17 1.09910755175004777e-03 3.85164487157719088e-02 4.01137914204265644e-02 2.33176877482255606e-03 1.40684785903084891e-01 1.40684785903084891e-01 7.60077755627902932e-03 7.60077755627902932e-03 6.01306360440060847e-04 5.73669068368850470e-04 1.17794968094869969e-02 1.94555903703312410e-03 8.44703548380786873e-02 2.33509349279842182e-01 2.33509349279842182e-01 2.77048374181934898e-01 2.77048374181934898e-01 1.23507342588292830e-02 1.20841982725101108e-02 1.35355374819240469e-03 1.48973008301452246e-07 2.64864602721137272e-05 2.10258373651636377e-05 8.65197575186598902e-05 0.00000000000000000e+00 0.00000000000000000e+00 0.00000000000000000e+00 0.00000000000000000e+00 2.87532459595106265e-03 1.52216146178568734e-03 7.06417724039832134e-02 7.06417724039832134e-02 2.59161844432454803e-02 2.59161844432454803e-02 1.00000000000000000e+00 7.34080430000107698e-01 7.34080430000107698e-01 4.31907215474053530e-01 9.60100786408346951e-01 9.60100786408346951e-01 1.26617295048858615e-03 9.49787265684038360e-04 1.43059644538247386e-03 1.76434737936443910e-04 1.62490094561119317e-03 9.96575462905863467e-05 7.06063534090971040e-04 1.74664255900050899e-04 3.53389807066384549e-04 9.84923449264132585e-04 
1.00000000000000000e+00 3.85155201842489470e-02 4.89940778080902913e-03 2.68665878371609386e-02 4.06734595069100128e-04 6.57665891604042427e-04 3.41812036178832240e-02 6.05564582638570912e-03 9.37222356714200247e-03 1.79381183550024192e-02 1.42023100613367526e-02 1.24771544698619235e-03 4.99078992565373192e-01 4.99078992565373192e-01 6.45002239671532557e-02 6.45002239671532557e-02 2.19172899196200149e-17 4.50062237493454663e-17 1.30210185468487251e-16 1.44754622549995407e-16 4.51359633954138209e-02 6.85725843093783066e-02 1.12868780277590203e-01 1.14520818265024232e-02 7.63006771680467488e-01 7.63006771680467488e-01 4.53490152928546220e-02 4.53490152928546220e-02 2.34114633159177412e-03 3.01318770611043538e-03 1.29064658577167056e-02 1.22742744117708448e-02 6.97239614504367960e-04 1.91759031663779639e-01 1.91759031663779639e-01 1.99536753486674295e-01 1.99536753486674295e-01 2.59051678769491240e-04 4.23826977295246737e-02 5.58091548795871736e-03 3.49003407363233551e-04 2.07829885982967590e-03 3.30059564118832371e-03 1.60598169897812164e-02 0.00000000000000000e+00 0.00000000000000000e+00 0.00000000000000000e+00 0.00000000000000000e+00 1.88321023667512508e-02 5.68628609544238606e-02 4.05737166233325860e-04 4.05737166233325860e-04 1.61832643592516143e-03 1.61832643592516143e-03 2.64274875045075611e-03 6.45933564054768355e-03 6.45933564054768355e-03 1.88629777426833067e-02 2.12560059495031997e-02 2.12560059495031997e-02 6.57316371566779125e-06 1.49033703410414803e-06 3.52032391190023469e-04 9.36244834198764259e-07 6.92531611356420495e-07 2.15721802391579139e-06 3.64957923884171311e-05 1.56744496365596197e-05 3.08802328293062947e-06 5.38516313314241304e-06 
3.49242373173618676e-05 9.05836800299466768e-03 7.50651150266072598e-06 5.49171270337569500e-06 3.67880065421044018e-08 2.11568604545218458e-07 2.07608699087992385e-05 2.98739906450517999e-05 4.62147531221061142e-03 1.36486794616165897e-04 4.64871018679113271e-05 4.05286725136186484e-06 5.34980356608736107e-01 5.34980356608736107e-01 1.00000000000000000e+00 1.00000000000000000e+00 5.92684907714671735e-16 8.10239991030072955e-17 6.83849062128242031e-16 1.60595705590627921e-15 5.71153887312939368e-01 2.11551253316690779e-02 3.01007212950684562e-02 4.88812436510899923e-03 1.00000000000000000e+00 1.00000000000000000e+00 6.33071105568527304e-02 6.33071105568527304e-02 1.56958768164158907e-02 1.66317581852558696e-03 7.00188803824106695e-03 1.16404044257197876e-02 3.07280336764011370e-04 1.14456773803935652e-01 1.14456773803935652e-01 1.12310992972634582e-01 1.12310992972634582e-01 1.00794056868479527e-04 4.82048137897500631e-02 2.05518318481986262e-01 1.59619788484804265e-02 4.18333210160587183e-03 2.72116159310987126e-03 1.56834763264714835e-02 0.00000000000000000e+00 0.00000000000000000e+00 0.00000000000000000e+00 0.00000000000000000e+00 1.36701765264395075e-02 3.68344257671582298e-02 1.60412149546477756e-02 1.60412149546477756e-02 2.21357148248529853e-02 2.21357148248529853e-02 3.59080973485264687e-04 1.04365827650523216e-03 1.04365827650523216e-03 9.46661762906400583e-03 2.20505557738794947e-02 2.20505557738794947e-02 3.47855937892831493e-03 1.13051551629911166e-03 9.74670059860967969e-03 2.83717198188713346e-05 1.85050247941592759e-05 1.87245258768532996e-05 5.04152299110955334e-08 2.21210995171192839e-06 1.79872256881012089e-06 1.17435738436533790e-05 
3.18887685065296488e-09 1.99500213106017883e-04 4.85964953778297909e-06 2.73000808604114210e-05 3.68962472145830920e-07 1.10707810236299759e-06 6.07147207612529971e-05 1.00474451605015622e-05 2.22850962312150670e-04 4.02396829480288104e-07 1.38274984940710584e-06 1.35962650655787214e-07 3.55212675431120471e-03 3.55212675431120471e-03 8.63276333434224129e-03 8.63276333434224129e-03 5.45215587141206640e-18 2.63180241336967571e-19 1.23742741721090848e-17 1.41227727958973302e-17 4.74133899018804820e-03 1.36722311433025369e-03 1.86419261387826092e-03 7.08728955919681351e-05 3.65912611825949946e-02 3.65912611825949946e-02 2.74087836489650231e-03 2.74087836489650231e-03 1.79373213632495217e-04 8.22582191548070787e-05 8.21342269487772779e-04 6.72481585594780784e-05 3.80658353823956500e-03 1.93669643494461356e-02 1.93669643494461356e-02 1.69411569832039408e-02 1.69411569832039408e-02 5.69541836175945448e-04 1.38746970118778417e-03 2.30984215299906773e-03 1.32971072501597944e-04 9.82877482046427787e-04 1.05415765383087942e-03 3.55379692427283981e-03 0.00000000000000000e+00 0.00000000000000000e+00 0.00000000000000000e+00 0.00000000000000000e+00 4.89473205064790140e-02 1.39808663965751145e-01 1.48808681694862804e-01 1.48808681694862804e-01 2.65300979471112752e-01 2.65300979471112752e-01 3.55505926506052700e-02 6.23006689956762533e-02 6.23006689956762533e-02 1.65855575169795377e-01 2.09516662378236114e-03 2.09516662378236114e-03 1.14588652656830658e-03 9.14504747578236306e-05 2.12148903386172576e-03 2.34885546623390240e-05 4.55473002533251181e-01 9.35153803489628066e-01 8.10188694444922586e-01 4.39668067437558485e-01 9.91978906763256625e-04 6.45505902707752726e-04 
2.47627582963625470e-16 8.82240172299555678e-17 1.55713573262438254e-19 6.43771968722148603e-19 1.31040539464749387e-20 5.56162849166349849e-20 6.45657735686158722e-19 1.73744045098086220e-19 1.79837058090383555e-17 1.55261169107782134e-18 2.61268885146743315e-19 3.12524775923550607e-19 5.17563102149000078e-18 5.17563102149000078e-18 3.59570780131487879e-16 3.59570780131487879e-16 9.28695642334537858e-02 1.51959038500924348e-01 1.00000000000000000e+00 9.38852912556932678e-02 5.63226521774448139e-15 5.52912675002149345e-17 5.27204849152403304e-17 1.13882525878167881e-18 8.34485885943102734e-18 8.34485885943102734e-18 3.31604166809473460e-19 3.31604166809473460e-19 3.36754709094658755e-18 2.69203011553105819e-19 2.38366752586723399e-18 4.46618773353170332e-19 1.51954355788098935e-17 6.83676827791793245e-18 6.83676827791793245e-18 4.34773115021406375e-18 4.34773115021406375e-18 4.75307574846604500e-18 2.85946822645835582e-18 9.33297426414603267e-19 5.84150241985030960e-20 3.18753303985184725e-18 2.26902785571075359e-18 4.47086517898953184e-18 0.00000000000000000e+00 0.00000000000000000e+00 0.00000000000000000e+00 0.00000000000000000e+00 3.52589491458535670e-18 1.52528564204500341e-17 2.60656198198521889e-18 2.60656198198521889e-18 5.89221652480523097e-18 5.89221652480523097e-18 1.47723183899502065e-18 1.82126997938367462e-18 1.82126997938367462e-18 3.55291435062026556e-18 4.99634593927502525e-20 4.99634593927502525e-20 1.13930825313405957e-20 1.35374615194041911e-21 2.70936656300397945e-20 1.19295174404221338e-22 4.02440641786435526e-20 5.96284687390178631e-20 2.85848849943185601e-20 1.60009561343393490e-20 3.33249089773962367e-22 1.82027792548419968e-22 
5.35039326326270759e-04 8.04499990826535005e-01 2.14369131198473117e-01 9.50048877320037843e-01 1.34831176953350094e-02 8.31039970526592790e-04 4.27435000197192994e-02 6.86549977362809361e-03 8.26320518873310539e-02 3.02023083479468189e-05 8.90742707087022787e-06 8.65274971629462104e-07 4.77296286251985714e-03 4.77296286251985714e-03 5.10809609255054933e-02 5.10809609255054933e-02 8.69748558144309314e-17 3.82354661059187260e-18 6.63933465062505646e-18 1.15099273178984631e-16 3.68941281505197061e-02 9.20940047110827800e-04 1.72492611752932752e-03 7.37083400486443193e-05 4.99061988572329761e-03 4.99061988572329761e-03 3.23410570739195592e-04 3.23410570739195592e-04 1.96451226210514913e-04 9.81366970439357517e-05 3.89835912264744158e-04 5.53456159458121357e-05 2.18585222731725142e-05 2.44878658458272391e-03 2.44878658458272391e-03 2.10352141266563399e-03 2.10352141266563399e-03 3.17382872791604483e-05 4.27101516215830379e-04 4.12069875394452606e-04 9.59335775021696555e-06 1.87722585431005800e-05 3.07700749704538140e-05 1.31909982234602234e-04 0.00000000000000000e+00 0.00000000000000000e+00 0.00000000000000000e+00 0.00000000000000000e+00 3.08662369388029462e-04 8.44011761553987712e-04 6.03545522184823792e-05 6.03545522184823792e-05 1.02062691331960970e-04 1.02062691331960970e-04 1.23930996488411160e-05 3.05026474659805733e-05 3.05026474659805733e-05 1.09431418127172090e-04 4.68222194017010730e-06 4.68222194017010730e-06 6.92515833615385236e-06 2.25014760439847072e-06 2.00557993870097560e-05 5.81333897179647965e-08 3.81268973135064994e-08 4.13365893510196974e-08 8.34887548317278908e-08 4.00924004422091617e-08 8.14419231251599384e-09 1.36729615649837179e-08 
9.71368645857548470e-10 6.00199236380683627e-04 1.46154428014442760e-05 8.30976460999117522e-05 1.26363620078640814e-06 3.54996134462452868e-06 1.83976494116887870e-04 3.02316299767926075e-05 6.74462848267285754e-04 6.64177337419753937e-07 2.05563096341341417e-07 1.99740672511988294e-08 2.23682965264543586e-02 2.23682965264543586e-02 2.68282814852162342e-02 2.68282814852162342e-02 1.31266552062174605e-17 2.60426994388843445e-18 2.06911078298741108e-17 4.02915048151296002e-17 1.49891579540765291e-02 1.56899057842931826e-03 2.98398021590723676e-03 1.28769035403016551e-04 1.06385837024403906e-01 1.06385837024403906e-01 7.46519248605250537e-03 7.46519248605250537e-03 6.71084754925005064e-04 3.40537712657562543e-04 1.36139740159284153e-03 1.99246320185167072e-04 1.91832603270697139e-04 2.42622366471936628e-02 2.42622366471936628e-02 2.13258323455448214e-02 2.13258323455448214e-02 3.29645369138675728e-04 6.68423385333932144e-03 7.65348036929290165e-03 6.50036703501310695e-04 1.29270051553201002e-03 2.13414489373146051e-03 9.18813425930180630e-03 0.00000000000000000e+00 0.00000000000000000e+00 0.00000000000000000e+00 0.00000000000000000e+00 4.11916422292153001e-02 1.35889079606343638e-01 1.44125165980579575e-02 1.44125165980579575e-02 2.82949922393748651e-02 2.82949922393748651e-02 2.04258270566883872e-02 4.79737394640671819e-02 4.79737394640671819e-02 1.53806525648019082e-01 6.36367596559977901e-03 6.36367596559977901e-03 9.93559710361871629e-01 2.71443915649461853e-01 1.00000000000000000e+00 2.71541567032700798e-03 3.07536644490444253e-05 3.26817138940952004e-05 6.45016173326353398e-05 3.09532701909968479e-05 3.37983572958715110e-06 5.26325038137438980e-06 
7.76703760878363446e-08 8.12673673688666109e-02 3.73649560173614208e-03 2.14564715859309404e-02 3.27330298087212762e-04 1.72383050978631540e-02 9.56613333541726618e-01 1.99626376949573164e-01 8.12990124066517827e-01 2.12246972016629648e-03 1.48634292694511320e-03 1.45537225966609274e-04 7.12236269070830579e-03 7.12236269070830579e-03 9.41230674275829460e-02 9.41230674275829460e-02 1.34873029421638302e-16 1.24867088933541902e-17 1.23896657219244983e-16 3.24195049472304835e-16 8.31466707443422742e-02 1.66853165665871699e-03 3.12051074623406234e-03 1.33216461649568663e-04 7.49713550199706657e-03 7.49713550199706657e-03 4.85550082700688106e-04 4.85550082700688106e-04 3.36304438999006849e-04 1.67824103873174450e-04 6.66378323126598526e-04 9.44178481148471921e-05 3.56038884026546284e-05 3.96207194880330953e-03 3.96207194880330953e-03 3.40047170248103988e-03 3.40047170248103988e-03 5.13586580812485440e-05 6.81707021587599910e-04 6.54486926135223980e-04 1.48485255650095161e-05 2.90490502193639313e-05 4.76103138224942633e-05 2.04091383875897915e-04 0.00000000000000000e+00 0.00000000000000000e+00 0.00000000000000000e+00 0.00000000000000000e+00 4.73979372002077712e-04 1.29382783724020967e-03 9.01912095094728309e-05 9.01912095094728309e-05 1.53121786441253089e-04 1.53121786441253089e-04 1.86849175629172304e-05 4.59776545756590538e-05 4.59776545756590538e-05 1.64771943017158094e-04 7.03291064987427270e-06 7.03291064987427270e-06 1.03457089012026322e-05 3.36154676707213190e-06 2.99603473550768081e-05 8.68420522001711381e-08 5.67352905945208299e-08 6.15075562812458433e-08 1.24219295315757492e-07 5.96516079528920818e-08 1.20867981708758287e-08 2.02843574334457573e-08 
6.04359629410860438e-06 1.84164761897827908e-03 1.80540555316404025e-06 1.32396460821604051e-06 8.87579826526810032e-09 7.33489301664014768e-08 7.21531596522441415e-06 1.04606683440022404e-05 2.15626562031570601e-03 6.04396064864670050e-04 4.85090464086772517e-04 4.26270766193994274e-05 1.56789096500416225e-02 1.56789096500416225e-02 1.00611696758022229e-01 1.00611696758022229e-01 1.27496455176666236e-17 2.44733730409920803e-18 6.00248457447413485e-18 2.42555503402113727e-17 2.96097982826700364e-02 2.03011461072467314e-02 3.09555250264095493e-02 5.26784185009867949e-03 1.10209267027542336e-02 1.10209267027542336e-02 6.27035078206922346e-04 6.27035078206922346e-04 5.40393482650424178e-03 7.85903530745579878e-04 3.71386185533158740e-03 1.01264490799865738e-02 1.13163937407573614e-03 1.66637665434869159e-01 1.66637665434869159e-01 1.62563951735881423e-01 1.62563951735881423e-01 1.55868016678603659e-03 9.32820079222013571e-02 2.83627674233080329e-01 5.12552480537955324e-01 1.94421826458823638e-01 1.53199747963065513e-01 1.00000000000000000e+00 0.00000000000000000e+00 0.00000000000000000e+00 0.00000000000000000e+00 0.00000000000000000e+00 5.47734253317317451e-03 7.31965126973213673e-03 3.92028483290304428e-06 3.92028483290304428e-06 1.26672358784524337e-05 1.26672358784524337e-05 3.81824685699670935e-07 1.02825911253380025e-06 1.02825911253380025e-06 6.48352072593182048e-06 6.28971332862980051e-06 6.28971332862980051e-06 8.62017101520930773e-08 2.79294976111192774e-08 2.34317197294902640e-07 6.79943720775452519e-10 2.71016677106440618e-11 2.57472252016052272e-11 6.43207721072604428e-14 2.81587347500331012e-12 5.53419441004400844e-14 1.34119369018657426e-13 
2.41739465617604955e-05 7.49032535050093377e-03 7.45249241580239889e-06 5.46621311265808318e-06 3.66475080405617811e-08 3.10334605735368623e-07 3.05316885518304031e-05 4.42827032562038888e-05 9.25278149538022107e-03 2.68595328788591003e-03 2.16065339642390608e-03 1.89868805397272873e-04 3.65824156656530883e-02 3.65824156656530883e-02 5.01664590800482757e-01 5.01664590800482757e-01 7.21743012536580091e-17 1.12978249796287089e-17 4.45380774584105317e-17 1.56928777422928256e-16 1.96221413067194872e-01 6.17195326012446643e-01 1.00000000000000000e+00 1.77376537054043104e-01 1.54294677386938011e-02 1.54294677386938011e-02 8.56255476699808418e-04 8.56255476699808418e-04 6.70322658593179993e-02 9.36554620720025932e-03 4.35558929787969451e-02 1.10300573051320017e-01 2.95419616046375391e-03 3.67947841995152181e-01 3.67947841995152181e-01 3.49472132496641386e-01 3.49472132496641386e-01 3.30233531615764259e-03 1.20136793380095683e-01 2.95229537202814585e-01 1.98323583381549221e-02 6.15771273794807079e-03 4.37866459688077397e-03 2.67487668324133711e-02 0.00000000000000000e+00 0.00000000000000000e+00 0.00000000000000000e+00 0.00000000000000000e+00 1.07387539769392181e-03 1.78406971722736983e-03 3.49196113328096138e-06 3.49196113328096138e-06 1.03329560940085925e-05 1.03329560940085925e-05 2.48820245160265214e-07 6.75498586011844048e-07 6.75498586011844048e-07 4.41095425352317981e-06 4.60628428925593219e-06 4.60628428925593219e-06 7.26406206795755458e-08 2.35387219283170978e-08 1.97706736343416757e-07 5.73782341459773644e-10 2.48935828521214431e-11 2.36807438141864857e-11 5.92496808561325596e-14 2.59398726364924909e-12 5.35729354059990482e-14 1.30759369756329313e-13 
1.20871194737176636e-05 3.70368934705830139e-03 3.64848650283766841e-06 2.67572556973838230e-06 1.79383038119213857e-08 1.49416374203293413e-07 1.46986928715689135e-05 2.13127900910864533e-05 4.41230991554289551e-03 1.25043828816456728e-03 1.00431282860073429e-03 8.82538355444811075e-05 2.69312367295029935e-02 2.69312367295029935e-02 2.19608301281339985e-01 2.19608301281339985e-01 2.47740612130627057e-17 2.94836479092290587e-18 1.87024493136831980e-17 5.61051682706340605e-17 6.82358302769146413e-02 5.71441981985186184e-02 8.74523106950667040e-02 1.49174685080118077e-02 1.46122782137003762e-02 1.46122782137003762e-02 8.16611359113502788e-04 8.16611359113502788e-04 1.93281575483866194e-02 2.83320330359341805e-03 1.34322252790839858e-02 3.72120592071141926e-02 1.45158508143307663e-02 9.87646109086966151e-01 9.87646109086966151e-01 9.55274165883314819e-01 9.55274165883314819e-01 8.34807684298857072e-02 5.06114853031809142e-01 9.23463107546064199e-01 3.03354267292951542e-02 9.38519264717090074e-03 6.66321898760102380e-03 4.06670469264895779e-02 0.00000000000000000e+00 0.00000000000000000e+00 0.00000000000000000e+00 0.00000000000000000e+00 1.46700432076232799e-03 2.38539953309092065e-03 3.65495298690550795e-06 3.65495298690550795e-06 1.11222988618611786e-05 1.11222988618611786e-05 2.81506853201373616e-07 7.62736938850519622e-07 7.62736938850519622e-07 4.93702158907893307e-06 5.05749435453942184e-06 5.05749435453942184e-06 7.66606570468544883e-08 2.48404375388194587e-08 2.08569242671963914e-07 6.05283854826941420e-10 2.55885169096307241e-11 2.43317007775330228e-11 6.08488057160083587e-14 2.66395915657775457e-12 5.41499058771355446e-14 1.31860514666067525e-13 
1.08757368551066228e-04 4.23494117221342586e-02 5.31356199245829863e-05 3.90997756956982051e-05 2.62412417855809967e-07 3.58125739314593345e-06 3.53440320487316540e-04 5.17541602105310431e-04 1.54464103283270815e-01 5.20106183070676464e-01 1.00000000000000000e+00 8.85803236886043011e-02 4.12019589747325988e-03 4.12019589747325988e-03 5.71131554299813327e-01 5.71131554299813327e-01 1.27610233496429235e-15 2.17497706112433557e-16 1.52461020267258669e-15 3.50641550266516175e-15 1.00000000000000000e+00 9.33623001895166199e-02 1.41765463798996516e-01 2.40677977941560067e-02 5.36283256636246029e-04 5.36283256636246029e-04 2.81746042493231524e-05 2.81746042493231524e-05 7.98764163093814566e-02 8.77320965716970116e-03 3.75698863156784038e-02 6.93341569413569586e-02 1.30194259380209159e-04 1.34670390145441490e-02 1.34670390145441490e-02 1.22554493084590533e-02 1.22554493084590533e-02 1.00350510692400342e-04 1.18719612395264671e-03 1.36567324612350241e-03 1.96752321248894608e-04 6.13757675381566766e-05 4.37316905789037321e-05 2.67469008071831665e-04 0.00000000000000000e+00 0.00000000000000000e+00 0.00000000000000000e+00 0.00000000000000000e+00 1.16704244246728463e-05 1.94308572090245867e-05 2.91394113452628475e-08 2.91394113452628475e-08 9.35597686539990264e-08 9.35597686539990264e-08 2.01873589754833462e-09 5.43164742468847547e-09 5.43164742468847547e-09 3.38693792293538528e-08 3.12947282299003881e-08 3.12947282299003881e-08 3.25237162188509404e-10 1.05329795298432216e-10 8.80119319236332204e-10 2.55275357241077731e-12 6.23337814991982415e-14 5.84847032363874960e-14 1.43947013778379885e-16 6.29895793754456993e-15 5.53009859918975443e-17 1.06516933309391492e-16 
5.43870706212393247e-06 1.81405435009534058e-03 1.93001153029970678e-06 1.41685999192900431e-06 9.50184150284076529e-09 9.01951691372686364e-08 8.87945478480167831e-06 1.29040852797838963e-05 2.87979652264140846e-03 9.99731273331657885e-04 8.14008536930511733e-04 7.15365484765671702e-05 1.49820188764675710e-03 1.49820188764675710e-03 1.40325944094222665e-01 1.40325944094222665e-01 2.23295354371500364e-16 3.16686152889440848e-17 2.49463860089169494e-16 5.86265358043687577e-16 2.33294566349995069e-01 1.23609866609544872e-01 1.92626001383954554e-01 3.32583595019020975e-02 2.05310181136041927e-04 2.05310181136041927e-04 1.05107318287209562e-05 1.05107318287209562e-05 7.34910959831761357e-01 8.86594496630900147e-02 3.95265050408180274e-01 9.02104224855752368e-01 7.08632635209145755e-04 5.79591542750208591e-02 5.79591542750208591e-02 5.27801408578367909e-02 5.27801408578367909e-02 5.52306451285772011e-04 9.91894927283761343e-03 1.90278431721075600e-02 3.15617756998451957e-04 9.66595399015036423e-05 6.83172680037233431e-05 4.15839331348795719e-04 0.00000000000000000e+00 0.00000000000000000e+00 0.00000000000000000e+00 0.00000000000000000e+00 1.01965511833786902e-05 1.49830108333930379e-05 4.24426553008842189e-09 4.24426553008842189e-09 1.73405627838913946e-08 1.73405627838913946e-08 4.43701908097510810e-10 1.17004210415646106e-09 1.17004210415646106e-09 6.62677957805970222e-09 4.85541519889656535e-09 4.85541519889656535e-09 2.65140536952606281e-11 8.57984262714389041e-12 7.11826096094358955e-11 2.06293954092105940e-13 2.44191244634707409e-15 2.25432070274283524e-15 5.44283465882200252e-18 2.38033912407233389e-16 8.10114348667016732e-19 1.21483286409385220e-18 
4.17331631559916921e-07 3.05810445690301615e-04 1.16853679210914455e-04 9.12651618280523161e-05 3.29028087423457398e-04 7.32245890742008873e-04 2.11008761930378595e-04 2.60069395439864047e-04 3.40683319063891943e-04 3.62681007601179945e-05 8.45316444768215281e-07 1.15960130874482348e-05 4.88981246018969362e-02 4.88981246018969362e-02 9.51791809998739705e-03 9.51791809998739705e-03 3.28962792725087201e-17 1.33524926705751133e-17 2.17987371828490645e-17 1.34653215827562604e-17 4.30592581095132557e-03 3.41986034501915636e-05 6.71470134455622383e-04 2.56909171066469245e-02 3.58794315782958312e-02 3.58794315782958312e-02 4.43936019418028904e-01 4.43936019418028904e-01 1.42290406248521992e-03 2.17055137440067304e-02 7.91768073328281475e-04 2.15747788620663638e-03 2.19649054585350318e-03 2.84263852036366504e-01 2.84263852036366504e-01 2.21036580641314040e-01 2.21036580641314040e-01 1.00109648470983834e-02 6.61142939820862433e-03 8.13777707310418472e-03 3.89088698342924351e-03 5.07218404075251809e-04 1.95383455572708184e-02 1.08259585536231830e-03 0.00000000000000000e+00 0.00000000000000000e+00 0.00000000000000000e+00 0.00000000000000000e+00 1.00000000000000000e+00 3.54511907451081854e-01 6.85113079709581019e-01 6.85113079709581019e-01 4.35098596565738183e-01 4.35098596565738183e-01 6.86028717654240949e-02 3.01558331379766287e-01 3.01558331379766287e-01 1.51080605784274652e-01 1.11250145398290208e-02 1.11250145398290208e-02 1.04764187942998129e-03 3.12768275405300158e-03 1.04347882384058137e-04 8.55997439343650010e-03 3.85862037943543873e-02 1.79359893084773993e-02 1.29918196959292222e-02 2.40680193016073116e-02 1.15960241402145712e-03 3.29674209154089791e-06 
1.64677195522373694e-08 9.74070424559321764e-06 3.72741949705940494e-06 2.83232984318858036e-06 9.80422267836979211e-06 2.10344690307685380e-05 6.30860690310947498e-06 7.99269829650585009e-06 9.98619921728331580e-06 1.91087196954530420e-06 2.52471608371939096e-07 2.35438060139904410e-06 3.80205326297628496e-03 3.80205326297628496e-03 2.31537157092543891e-04 2.31537157092543891e-04 9.44032544438571719e-19 3.24143509448542704e-19 1.10902351652759495e-19 3.57047593184766263e-19 6.02653188500231799e-05 3.00975841340716385e-06 8.48829185273501135e-07 1.61395168937826804e-04 3.65002276378694141e-03 3.65002276378694141e-03 4.70291102072768127e-02 4.70291102072768127e-02 2.92415781619141302e-05 4.63603383425538105e-04 1.73448059111799118e-05 5.48554498641670726e-05 1.24296659484462025e-04 1.51367466513778921e-02 1.51367466513778921e-02 1.14812223782195938e-02 1.14812223782195938e-02 6.12663859562488189e-04 4.53550956213220197e-04 8.11521129755693221e-04 8.24315855467627127e-04 1.54524697421249508e-04 4.55217766360409368e-03 2.62421972680880705e-04 0.00000000000000000e+00 0.00000000000000000e+00 0.00000000000000000e+00 0.00000000000000000e+00 2.52123805821337976e-01 9.88187356997040772e-02 4.17356748668719635e-01 4.17356748668719635e-01 2.76472903834854733e-01 2.76472903834854733e-01 2.20467551436096504e-01 6.02602136853428449e-01 6.02602136853428449e-01 3.61476783816389924e-01 4.86179343371219083e-02 4.86179343371219083e-02 5.48859705979570529e-03 1.66324099624148569e-02 6.34438171808585452e-04 5.29540876295091292e-02 7.83786696289048429e-02 3.33798447993048572e-02 2.18888952946595695e-02 4.04254763910036410e-02 1.66259602634550229e-03 2.57760149944982504e-06 
3.29266464549620176e-10 1.62425591208922646e-06 1.12873823347714177e-05 1.56410172763201262e-05 9.38120917447410113e-05 2.18818874677690917e-04 3.99354874492881915e-05 2.87555634133556308e-05 1.14247722458002296e-05 1.89627171227909746e-04 2.20581679299254462e-05 1.47521701675950808e-04 3.81682277659486022e-02 3.81682277659486022e-02 5.82522278533989524e-04 5.82522278533989524e-04 4.80056889153035539e-18 1.38476391909722219e-18 1.44426462134422320e-19 2.63768204176453363e-18 1.81321443632246899e-04 2.16937805465668108e-05 3.13055706817774195e-04 4.32202384849855667e-02 4.31757496056307810e-03 4.31757496056307810e-03 5.00194609442756871e-02 5.00194609442756871e-02 4.67908346564049058e-04 3.47425980535016402e-02 1.68504734281970173e-03 1.22498856376342304e-02 6.26291874288215089e-02 7.48506432061247562e-01 7.48506432061247562e-01 4.38355787193089930e-01 4.38355787193089930e-01 1.00000000000000000e+00 1.48402810218773357e-01 1.04176602914417722e-02 9.22827931845646740e-04 8.60964430196679473e-04 4.94877524790612172e-02 4.20234867601937054e-03 0.00000000000000000e+00 0.00000000000000000e+00 0.00000000000000000e+00 0.00000000000000000e+00 2.22201078871253760e-01 7.85061114484393169e-02 1.67598170996663756e-02 1.67598170996663756e-02 1.73378606655140016e-02 1.73378606655140016e-02 7.54224962727362142e-02 2.19474180301982458e-01 2.19474180301982458e-01 1.40632790973071825e-01 4.52719647295951669e-02 4.52719647295951669e-02 1.07518876701572439e-05 1.70643342110797413e-05 1.77950734571800091e-07 2.44898324565138633e-05 5.80572685953020226e-06 1.86882766250702246e-06 2.55976039219828262e-07 5.18498141824139576e-07 3.21743735183069407e-07 4.88323381484016533e-08 
3.43539815794606641e-10 1.67615435383592226e-06 1.15372103661671229e-05 1.59852431423999959e-05 9.58729109090720685e-05 2.20217504907687880e-04 4.01873591375665959e-05 2.89295294849015518e-05 1.13985174028757148e-05 1.85288628145627776e-04 2.15250707897288267e-05 1.43955331144534943e-04 4.33784802082402277e-02 4.33784802082402277e-02 5.05879915598408383e-04 5.05879915598408383e-04 5.10884698023948528e-18 1.21565822183109092e-18 1.08507222427126458e-19 2.02888164508038420e-18 1.47363289802999108e-04 1.35107986236233342e-05 1.94166755752292166e-04 2.67349247660579499e-02 5.78747683222264556e-03 5.78747683222264556e-03 6.95648585215253162e-02 6.95648585215253162e-02 2.31403759379551814e-04 1.70726840208384779e-02 8.25881466912963685e-04 5.92884165249501181e-03 1.83116027928291146e-02 2.10916846036330652e-01 2.10916846036330652e-01 1.21445758155086292e-01 1.21445758155086292e-01 2.55248990540391907e-01 2.49286657270022215e-02 1.39680259911027327e-03 1.10291761499576368e-06 1.39541086224462103e-06 9.06021450616159015e-05 8.24528399289088132e-06 0.00000000000000000e+00 0.00000000000000000e+00 0.00000000000000000e+00 0.00000000000000000e+00 1.76708842011037495e-02 9.74356475534981711e-03 1.29459826997549543e-01 1.29459826997549543e-01 8.50995172861722382e-02 8.50995172861722382e-02 2.62482199848010633e-01 8.01301268119362975e-01 8.01301268119362975e-01 6.45682531847498908e-01 3.62643444444335938e-01 3.62643444444335938e-01 4.47508178147166071e-04 7.11822587478904041e-04 7.57173451696073878e-06 1.04441115009921114e-03 2.99872823804349853e-03 1.04146114599841153e-03 1.56462072107640531e-04 3.17824060423201190e-04 8.18852675269937311e-04 6.11517829886987777e-05 
7.99530181851925814e-01 6.53633998181578496e-02 2.24050131022095235e-02 1.36722528451127378e-02 3.02976466862198562e-02 3.85391862560692036e-02 1.80857017501057440e-02 2.87000711706229469e-02 1.59930937193556687e-02 3.26286515603693428e-02 1.89101923907639201e-03 1.22758795144871976e-02 9.54740740444537273e-01 9.54740740444537273e-01 1.28280053958715223e-01 1.28280053958715223e-01 3.70420350639118562e-17 4.81212939772283316e-16 2.46055158953019512e-17 3.35110264930524219e-16 9.31527640122325473e-02 5.08731311957887674e-03 8.56407411426869138e-03 1.15907795306878197e-01 5.28892513950696072e-02 5.28892513950696072e-02 6.02255314408510989e-01 6.02255314408510989e-01 1.18641430529043065e-02 2.88084105368634803e-02 1.89929319606270451e-03 1.67410889645500834e-02 1.23027794849345982e-04 1.95410798739484054e-01 1.95410798739484054e-01 1.54054876921051881e-01 1.54054876921051881e-01 4.41135943796090117e-03 6.18512847966911292e-02 9.84372314993676827e-04 7.36612372899849224e-03 7.26770167218011311e-04 2.50040348883527157e-02 2.17369164879085410e-03 0.00000000000000000e+00 0.00000000000000000e+00 0.00000000000000000e+00 0.00000000000000000e+00 4.47445237823445030e-02 1.85039505340234625e-02 1.94607771863721554e-03 1.94607771863721554e-03 7.44065900552860152e-03 7.44065900552860152e-03 9.73740863287472064e-04 8.09101242524176353e-03 8.09101242524176353e-03 1.17817566982889484e-02 1.89385799207540464e-02 1.89385799207540464e-02 5.18514588942976042e-06 4.15086350838688182e-05 3.71887602029583084e-06 2.76492636647152458e-04 4.62601716073316783e-06 1.47912322310105782e-05 1.66978857154118882e-05 2.74377977243313533e-05 4.28096460638992898e-06 4.08989479141898375e-07 
2.65330971894381430e-05 6.88763152686365336e-03 1.40636103997193669e-05 6.56417192426546011e-06 8.21537983657068279e-06 3.20091409055066412e-05 2.66190165732685013e-05 5.60478934067828262e-05 3.52015073678835265e-03 2.35324281114624931e-04 5.87817523959996145e-06 3.78788714392804359e-05 1.00000000000000000e+00 1.00000000000000000e+00 7.74387697394572139e-01 7.74387697394572139e-01 4.25301468997481552e-16 5.11587823826347653e-17 4.99365178105923714e-16 1.28625897108995403e-15 4.46886880311534118e-01 4.56887802640266495e-03 1.29492120465480275e-03 2.61800022957090414e-02 6.79496808034560362e-02 6.79496808034560362e-02 8.16169937734186224e-01 8.16169937734186224e-01 7.96088000475700906e-03 1.78211914645503046e-02 2.96374248823360383e-03 1.22584330054763251e-02 3.33497704189150671e-05 1.10094024688992209e-01 1.10094024688992209e-01 8.90446706905878432e-02 8.90446706905878432e-02 2.72131132295281826e-04 9.04825709573224141e-02 2.11424149995793703e-01 2.95850288164412056e-02 7.29444280276789810e-03 1.09337121169948200e-02 2.78121508938971532e-03 0.00000000000000000e+00 0.00000000000000000e+00 0.00000000000000000e+00 0.00000000000000000e+00 4.15694149573187718e-02 8.76799335990796451e-03 2.36092485734371270e-02 2.36092485734371270e-02 2.25665603305651129e-02 2.25665603305651129e-02 1.64955421764767258e-04 1.91582868721498051e-03 1.91582868721498051e-03 2.96502875888137200e-03 2.34036395598944437e-02 2.34036395598944437e-02 1.41666043238025023e-03 4.11228411528085248e-03 1.16830523799206691e-04 9.40339611365194339e-03 2.20970464921919479e-05 5.99907976453762764e-06 8.39550243438307897e-07 6.18234594799643431e-06 1.89798425396561124e-06 7.25334482270077835e-07 
1.49545643445817112e-09 1.07035744753730794e-04 2.26781599442959350e-05 1.39391145820195214e-05 3.08884162767294088e-05 6.81476436291019702e-05 3.17727220575105370e-05 5.03586043040026932e-05 1.26701904516136665e-04 5.18674563219016310e-07 1.52553334770723217e-07 1.36592973091666157e-06 9.57772622001005006e-03 9.57772622001005006e-03 4.32828292007328159e-03 4.32828292007328159e-03 7.42908020469892934e-20 4.92743698623561645e-19 3.69900574021488074e-18 6.99959997440521775e-18 2.05375223779569313e-03 1.56894862764506463e-04 1.12721447370870364e-04 1.60755285592790054e-03 2.08814319676019948e-03 2.08814319676019948e-03 2.64461657955505497e-02 2.64461657955505497e-02 3.75601559790527989e-04 1.54487580679236233e-03 6.27207652693848581e-05 2.16637391010819663e-04 1.12010191332326251e-04 1.88494124191605703e-02 1.88494124191605703e-02 1.44326250235878428e-02 1.44326250235878428e-02 5.38525974811543645e-04 8.32038688110965240e-04 2.07477052670633011e-03 1.19274440328889092e-03 2.74957279717942863e-04 4.83492109864953716e-03 2.72217166402209231e-04 0.00000000000000000e+00 0.00000000000000000e+00 0.00000000000000000e+00 0.00000000000000000e+00 1.47309091799398439e-01 5.47935682402952984e-02 2.15742880585369057e-01 2.15742880585369057e-01 1.23221303471729354e-01 1.23221303471729354e-01 2.65016352624508553e-02 1.02220056708521523e-01 1.02220056708521523e-01 5.44188496227162102e-02 4.32975537725665324e-03 4.32975537725665324e-03 4.23194760759446867e-04 1.21127182032776761e-03 2.27184992390029262e-05 1.64904877859172795e-03 6.59637662180490358e-01 4.18582594049921708e-01 5.27813377776227499e-01 1.00000000000000000e+00 2.02890079267956233e-03 4.33374737384693841e-06 
2.60507834690320284e-18 3.96240230480111462e-18 5.91516444261618268e-19 4.60951738469692920e-19 9.58077890430469774e-19 1.66169703736709241e-18 8.33938784138491278e-19 1.05152953667873567e-18 1.41175617805276472e-18 2.49332339851537094e-20 2.95853328213288275e-19 8.56219607761373728e-20 2.27756166562546095e-17 2.27756166562546095e-17 1.77395975677542887e-16 1.77395975677542887e-16 5.52592227012368098e-01 1.00000000000000000e+00 1.83166973619908108e-01 1.63459947349417628e-02 2.36778009051059887e-15 5.43033138412287843e-18 1.51784448417558217e-17 1.47395897149861234e-17 1.34713453908594034e-18 1.34713453908594034e-18 1.50681416675049787e-17 1.50681416675049787e-17 7.20432273382155246e-18 1.21940824384412614e-17 8.89575531756384301e-19 2.76752008432583147e-18 1.82062315400639439e-19 2.81182808901646260e-17 2.81182808901646260e-17 2.93445655214037941e-17 2.93445655214037941e-17 7.68587837691163264e-19 1.23942500090178998e-19 2.42939658056415841e-18 8.70707640947712643e-19 3.83540037487406444e-19 7.43760726696858713e-19 1.47264224950004900e-19 0.00000000000000000e+00 0.00000000000000000e+00 0.00000000000000000e+00 0.00000000000000000e+00 2.21869420274839244e-17 7.22139657246306035e-18 3.86405072646735464e-18 3.86405072646735464e-18 3.07747986237813384e-18 3.07747986237813384e-18 4.77747126201521804e-19 2.46296599674864271e-18 2.46296599674864271e-18 1.24967391275193551e-18 8.96621813056743352e-20 8.96621813056743352e-20 3.53462440555119380e-21 1.05049450613765187e-20 3.36251014810519153e-22 2.74379883721571237e-20 5.82927375359562037e-20 2.67192501095396990e-20 1.90255077249886458e-20 3.52277295535639000e-20 7.04848377687131522e-22 1.39754877370806207e-24 
2.85629949151782370e-04 4.32046661813487942e-01 1.00000000000000000e+00 4.80220787231328161e-01 1.00000000000000000e+00 4.82089141487029305e-02 2.22258500351888919e-02 3.43917466144355172e-02 4.69972446198960031e-02 2.74120860915293059e-05 1.01358898400496105e-06 8.90176694237522012e-06 5.79833552704160822e-03 5.79833552704160822e-03 2.55749212946134452e-02 2.55749212946134452e-02 4.75435474964642950e-17 5.14981199202792990e-17 5.45643390776139533e-17 7.77304572328206378e-17 1.59060626282138129e-02 2.94900916849963801e-04 2.35879120016294032e-04 1.90270867501539940e-03 3.79179992936978620e-04 3.79179992936978620e-04 4.26658641218491570e-03 4.26658641218491570e-03 3.54462416692144435e-04 9.00005312408768180e-04 3.89505315126007081e-05 1.43585377709043352e-04 1.26343834812369268e-06 2.37118129459784957e-03 2.37118129459784957e-03 1.98856268656040025e-03 1.98856268656040025e-03 6.11064858457517311e-06 3.50214901640706817e-04 3.79458998066754133e-04 7.34085343458659885e-05 2.03288745101501598e-05 2.47538622360628311e-04 1.39628627368692728e-05 0.00000000000000000e+00 0.00000000000000000e+00 0.00000000000000000e+00 0.00000000000000000e+00 8.26027639352970968e-04 2.46535668299415465e-04 9.45268116863470239e-05 9.45268116863470239e-05 1.19312487625584075e-04 1.19312487625584075e-04 4.57783705866275160e-06 4.03504349857949405e-05 4.03504349857949405e-05 3.70333628004201139e-05 8.12706492464922101e-06 8.12706492464922101e-06 2.81448197176750613e-06 8.28954887048371048e-06 2.39327179277448974e-07 1.91947146812738538e-05 5.69597298545865999e-08 4.84816087151595898e-08 4.20691495332289279e-08 7.86212347220858614e-08 1.86595471158340559e-08 1.37662437941984439e-10 
5.18565538753493705e-10 3.22329495908815419e-04 6.81788591484149920e-05 4.20033305440082455e-05 9.37198821026589577e-05 2.05934476996749645e-04 9.56644628154168747e-05 1.51441059236338642e-04 3.83602908835660352e-04 6.02817709939510147e-07 2.33913214565041889e-08 2.05489003378292305e-07 2.71736638571379342e-02 2.71736638571379342e-02 1.34322294456187246e-02 1.34322294456187246e-02 5.11652064684571149e-18 1.07278624195571876e-18 7.20043892757175601e-18 1.93284466602560475e-17 6.46223388689425634e-03 5.02417895235786230e-04 4.08051463957005180e-04 3.32404664889906967e-03 8.08304015437160371e-03 8.08304015437160371e-03 9.84843777756857774e-02 9.84843777756857774e-02 1.21085690644146112e-03 3.12304937601543377e-03 1.36024287972516138e-04 5.16912815080955109e-04 1.10880627867911738e-05 2.34933342354671365e-02 2.34933342354671365e-02 2.01603626218599744e-02 2.01603626218599744e-02 6.34674136831215522e-05 5.48094121095883333e-03 7.04779011053819140e-03 4.97409175363311071e-03 1.39989263940361146e-03 1.71687357739365339e-02 9.72577323544657614e-04 0.00000000000000000e+00 0.00000000000000000e+00 0.00000000000000000e+00 0.00000000000000000e+00 1.10235125386795932e-01 3.96931732250392494e-02 2.25727669631099366e-02 2.25727669631099366e-02 3.30771790099687046e-02 3.30771790099687046e-02 7.54501381441073041e-03 6.34620734947131532e-02 6.34620734947131532e-02 5.20506172987280982e-02 1.10456121885635621e-02 1.10456121885635621e-02 4.03796672501413323e-01 1.00000000000000000e+00 1.19330660752712953e-02 8.96586785770768335e-01 4.59444786356556247e-05 3.83307401512256421e-05 3.25017206230569401e-05 6.06993917611843274e-05 7.74370270494159034e-06 5.29915831003844406e-08 
4.14642590386960581e-08 4.36436236003524200e-02 1.74301942678287240e-02 1.08455932343600302e-02 2.42770481933740762e-02 1.00000000000000000e+00 4.97421701151444962e-01 1.00000000000000000e+00 4.62390741384509862e-01 1.92638662001949992e-03 1.69133107145393356e-04 1.49725637460253452e-03 8.65245546959895161e-03 8.65245546959895161e-03 4.71249952595563307e-02 4.71249952595563307e-02 7.35777345140537130e-17 4.64281531397958967e-17 8.26824152333248817e-17 1.75796056708510523e-16 3.58467923890576981e-02 5.34292668547164257e-04 4.26721655695485994e-04 3.43885260566733145e-03 5.69621380066844614e-04 5.69621380066844614e-04 6.40560814246251501e-03 6.40560814246251501e-03 6.06803462067629328e-04 1.53910402108515631e-03 6.65813206470919182e-05 2.44952055413502720e-04 2.05793042131152553e-06 3.83650864146502712e-03 3.83650864146502712e-03 3.21463385328257020e-03 3.21463385328257020e-03 9.88820564101641980e-06 5.58986443382926976e-04 6.02691359083878876e-04 1.13621166572109244e-04 3.14578288590396313e-05 3.83014714951858447e-04 2.16033686803476643e-05 0.00000000000000000e+00 0.00000000000000000e+00 0.00000000000000000e+00 0.00000000000000000e+00 1.26844118553606213e-03 3.77926854871181873e-04 1.41256743090438470e-04 1.41256743090438470e-04 1.79001170864297187e-04 1.79001170864297187e-04 6.90194628311614877e-06 6.08215520906332056e-05 6.08215520906332056e-05 5.57614919875805144e-05 1.22072217402794619e-05 1.22072217402794619e-05 4.20464194089035999e-06 1.23839459028540786e-05 3.57518804625947756e-07 2.86738554626445815e-05 8.47597641876020518e-08 7.21391223481789554e-08 6.25928619979051278e-08 1.16976858922560642e-07 2.76926392814151750e-08 2.04227451609788201e-10 
4.83317875615175036e-06 1.47401830086182060e-03 3.56049057913304925e-06 1.66580786633212220e-06 2.08643668509827703e-06 1.16813483488279721e-05 9.73818920433955900e-06 2.06586472977465391e-05 1.72885781209229867e-03 1.09691791351238985e-03 6.45667890527936898e-05 4.19369263124912974e-04 3.08499465757079427e-02 3.08499465757079427e-02 8.20131159786729874e-02 8.20131159786729874e-02 1.73273770780330989e-18 6.61405257684874957e-18 8.94818902161366161e-18 2.53940339913741151e-17 2.43868839308577362e-02 4.61520411210617452e-03 1.40178371077289842e-03 2.96986396148534240e-02 7.88282580611161538e-04 7.88282580611161538e-04 8.50934896180094782e-03 8.50934896180094782e-03 2.88510745917106492e-03 8.86429516376121239e-03 1.65473115665959328e-03 1.12253648767076646e-02 1.29283327944073348e-04 1.68722039100545756e-01 1.68722039100545756e-01 1.35670775592366066e-01 1.35670775592366066e-01 4.42972440237287060e-03 1.84309959218558500e-01 3.07134818830788581e-01 1.00000000000000000e+00 3.56854512952853753e-01 6.47959330000279499e-01 1.86667468989724583e-01 0.00000000000000000e+00 0.00000000000000000e+00 0.00000000000000000e+00 0.00000000000000000e+00 1.75325903359937786e-02 1.83405811820813638e-03 6.07349842639742740e-06 6.07349842639742740e-06 1.35934617270802591e-05 1.35934617270802591e-05 1.84635241262193079e-07 1.98690595833124134e-06 1.98690595833124134e-06 2.13757505468272678e-06 7.02701866625673353e-06 7.02701866625673353e-06 3.69537588016796370e-08 1.06941458572341590e-07 2.95650935280375346e-09 2.37218431905789163e-07 3.40656726733927127e-11 8.68321656114742991e-12 1.12749000768560778e-12 8.28392458733368048e-12 6.14694309536476664e-14 8.71978952683029823e-15 
1.93323642564947118e-05 5.99510814787232709e-03 1.46972678748482103e-05 6.87757115682073341e-06 8.61474122180584449e-06 4.94230335203295083e-05 4.12072543016786736e-05 8.74533746675117146e-05 7.41872588476801247e-03 4.87473437968320798e-03 2.87588527071321401e-04 1.86794749545741577e-03 7.19798502629122039e-02 7.19798502629122039e-02 4.08929355069576728e-01 4.08929355069576728e-01 1.06987439302776136e-17 4.43831415614912143e-17 4.60681668039389715e-17 1.58983417106325619e-16 1.61609639469220023e-01 1.40311408604114340e-01 4.52837969822063938e-02 1.00000000000000000e+00 1.10360779765231024e-03 1.10360779765231024e-03 1.16200463178671876e-02 1.16200463178671876e-02 3.57878650362947817e-02 1.05635059142329513e-01 1.94065627574914919e-02 1.22270320902323745e-01 3.37500019682652011e-04 3.72550287607883168e-01 3.72550287607883168e-01 2.91658481215876453e-01 2.91658481215876453e-01 9.38514240863413084e-03 2.37370613923760049e-01 3.19698247596844176e-01 3.86933223254315728e-02 1.13022679604816156e-02 1.85195903793112168e-02 4.99312460320185374e-03 0.00000000000000000e+00 0.00000000000000000e+00 0.00000000000000000e+00 0.00000000000000000e+00 3.43740003580580078e-03 4.47027792410395345e-04 5.40991824625164754e-06 5.40991824625164754e-06 1.10884998542762932e-05 1.10884998542762932e-05 1.20319580482652390e-07 1.30526649270352759e-06 1.30526649270352759e-06 1.45426322791743632e-06 5.14625134586245506e-06 5.14625134586245506e-06 3.11402635671711843e-08 9.01292709108899664e-08 2.49457496771723216e-09 2.00180901909460224e-07 3.12902015422596099e-11 7.98629854212965635e-12 1.03859768175505042e-12 7.63116472336227758e-12 5.95045618003054260e-14 8.50133743834255499e-15 
9.66629905238151174e-06 2.96435964296614925e-03 7.19528185715143689e-06 3.36658901193796123e-06 4.21676270938526039e-06 2.37956397200168091e-05 1.98381682700655743e-05 4.20903711831205476e-05 3.53771650161523567e-03 2.26941940519987274e-03 1.33676621884046428e-04 8.68249688119646741e-04 5.29901142915701895e-02 5.29901142915701895e-02 1.79012596578934063e-01 1.79012596578934063e-01 5.07396789838256235e-18 4.11213134694480724e-18 1.89953283840871406e-17 5.60889510974750695e-17 5.61996153098667170e-02 1.29909975089887390e-02 3.96017268313981520e-03 8.41005735920290765e-02 1.04515751620283884e-03 1.04515751620283884e-03 1.10820451078078100e-02 1.10820451078078100e-02 1.03191125180459864e-02 3.19560217755669659e-02 5.98480033409517272e-03 4.12502881428655488e-02 1.65835295607937700e-03 1.00000000000000000e+00 1.00000000000000000e+00 7.97241858387580882e-01 7.97241858387580882e-01 2.37249953468839814e-01 1.00000000000000000e+00 1.00000000000000000e+00 5.91850159372055984e-02 1.72261952892623846e-02 2.81821280273338824e-02 7.59121472105300094e-03 0.00000000000000000e+00 0.00000000000000000e+00 0.00000000000000000e+00 0.00000000000000000e+00 4.69577822115115583e-03 5.97700794424647973e-04 5.66243325693061872e-06 5.66243325693061872e-06 1.19355592133516846e-05 1.19355592133516846e-05 1.36125524901345578e-07 1.47383723609737168e-06 1.47383723609737168e-06 1.62770424262359119e-06 5.65035405857453751e-06 5.65035405857453751e-06 3.28636105153749638e-08 9.51135125899676631e-08 2.63163320294516553e-09 2.11171134508364017e-07 3.21637048454707273e-11 8.20583288730096010e-12 1.06662901594915323e-12 7.83701270083498056e-12 6.01454144761047248e-14 8.57292851625495989e-15 
8.69753335408740514e-05 3.38956308833844033e-02 1.04790236093950547e-04 4.91952077287583541e-05 6.16853694591763363e-05 5.70341176641990240e-04 4.77022590551859707e-04 1.02208664573967154e-03 1.23846741855582726e-01 9.43940277418828244e-01 1.33102573299043847e-01 8.71461709756245817e-01 8.10693002011238575e-03 8.10693002011238575e-03 4.65554999207257403e-01 4.65554999207257403e-01 1.00144937594835837e-15 1.12560447448865683e-16 1.14489237386993813e-15 2.94003767164066223e-15 8.23608580604732077e-01 2.12247165513068693e-02 6.41967848239662683e-03 1.35687606694039481e-01 3.83581853778331547e-05 3.83581853778331547e-05 3.82351080126374894e-04 3.82351080126374894e-04 4.26452301616514623e-02 9.89540279181636562e-02 1.67394652390578623e-02 7.68582554332301465e-02 1.48739497035932682e-05 1.36354903757963403e-02 1.36354903757963403e-02 1.02280136231415464e-02 1.02280136231415464e-02 2.85193277939054196e-04 2.34570496577175868e-03 1.47886064427144286e-03 3.83867659857300015e-04 1.12653090611694099e-04 1.84963469622771292e-04 4.99277627723167361e-05 0.00000000000000000e+00 0.00000000000000000e+00 0.00000000000000000e+00 0.00000000000000000e+00 3.73562122972540014e-05 4.86871848076703723e-06 4.51442118373561929e-08 4.51442118373561929e-08 1.00400840930390997e-07 1.00400840930390997e-07 9.76180439628186791e-10 1.04955769425055403e-08 1.04955769425055403e-08 1.11665163449537356e-08 3.49632213657572253e-08 3.49632213657572253e-08 1.39425721576709737e-10 4.03305569381958812e-10 1.11049510153030603e-11 8.90603408957934818e-10 7.83509789327953199e-14 1.97238863960522886e-14 2.52327158475644135e-15 1.85306944957194030e-14 6.14239428413559158e-17 6.92521227747750033e-18 
4.34943735078555909e-06 1.45193319464869655e-03 3.80622949748409440e-06 1.78268852916250125e-06 2.23360086552851526e-06 1.43642339120418255e-05 1.19842029294171996e-05 2.54841218296203652e-05 2.30897282252079741e-03 1.81441145329402269e-03 1.08346630952880257e-04 7.03783416558838781e-04 2.94787387818174406e-03 2.94787387818174406e-03 1.14385983929106358e-01 1.14385983929106358e-01 1.67569929167602963e-16 2.51434556141438170e-17 1.91397784138204263e-16 4.93139746344662035e-16 1.92143406654316340e-01 2.81011112237700214e-02 8.72283674102814800e-03 1.87501459085694239e-01 1.46850118673665179e-05 1.46850118673665179e-05 1.42638726424005718e-04 1.42638726424005718e-04 3.92361706726488457e-01 1.00000000000000000e+00 1.76112472524601688e-01 1.00000000000000000e+00 8.09572267209634594e-05 5.86841316382053571e-02 5.86841316382053571e-02 4.40486502076025896e-02 4.40486502076025896e-02 1.56963911974235281e-03 1.95982180998447754e-02 2.06048763805460125e-02 6.15776469722629778e-04 1.77415229882628200e-04 2.88948329183237281e-04 7.76236754928755684e-05 0.00000000000000000e+00 0.00000000000000000e+00 0.00000000000000000e+00 0.00000000000000000e+00 3.26384471417865909e-05 3.75423796062929597e-06 6.57542528618780850e-09 6.57542528618780850e-09 1.86085013970799412e-08 1.86085013970799412e-08 2.14556606619740051e-10 2.26087335388207659e-09 2.26087335388207659e-09 2.18480657640815233e-09 5.42458637748977545e-09 5.42458637748977545e-09 1.13662926091416406e-11 3.28520439596619483e-11 8.98150260775867943e-13 7.19716308019640976e-11 3.06938273038047283e-15 7.60266568310656001e-16 9.54083693880848521e-17 7.00264045102446333e-16 8.99810673362750245e-19 7.89825167155046753e-20 
1.96265706931787991e-06 5.48689832632029070e-04 1.83081158960198605e-05 6.96749481202072946e-06 3.37329353172496384e-04 7.53438907165872199e-04 1.21368789004354172e-05 3.78347621711918792e-05 5.89228900746926825e-04 1.40466121440716566e-04 6.62055456095080136e-06 1.59929635259886097e-04 6.35899832551081595e-02 6.35899832551081595e-02 1.68390987692037600e-02 1.68390987692037600e-02 1.14405367437582086e-16 1.03466755603650380e-17 3.30942861403382182e-17 4.09300835876592363e-18 7.27637563702487455e-03 1.50545619808591380e-02 9.34679981347191421e-03 3.08600079402676919e-02 1.19804618554497817e-02 1.19804618554497817e-02 3.80468442440319410e-01 3.80468442440319410e-01 2.52729700727201672e-03 2.43462970262648751e-02 4.34148761666056050e-04 1.15200716596760183e-04 1.15761780552227564e-02 2.53794794601911622e-01 2.53794794601911622e-01 2.23619329799808558e-01 2.23619329799808558e-01 5.55879358383339905e-02 7.13190943093521858e-03 1.62486858356222230e-02 8.42681781332846043e-04 5.51109435021051664e-04 2.87302618809615329e-02 3.15265835168001499e-04 0.00000000000000000e+00 0.00000000000000000e+00 0.00000000000000000e+00 0.00000000000000000e+00 9.93642029062192789e-01 1.97340094311822117e-01 1.00000000000000000e+00 1.00000000000000000e+00 4.41308413263163668e-01 4.41308413263163668e-01 1.18258840309748467e-01 2.36340577777918531e-01 2.36340577777918531e-01 6.20257648436550735e-03 1.05092227757712792e-02 1.05092227757712792e-02 8.11580606795650732e-04 3.05885695283740228e-03 7.20295775029297488e-06 9.07502240491278069e-03 5.85426982918438726e-02 1.86396989779875656e-02 6.52639291249781928e-03 2.08643436010036258e-02 2.95345047845880539e-03 1.34609528150889130e-05 
6.67709569569807044e-08 1.80561792376093038e-05 5.76298203839336421e-07 2.77309616962528083e-07 9.78447096984429885e-06 2.10844325831799363e-05 5.00510670168123303e-07 1.14830717234162432e-06 1.77610339893959856e-05 5.01204658790667524e-06 2.45491239404190839e-07 6.10045888680692722e-06 4.88224263339699129e-03 4.88224263339699129e-03 4.30874515269174803e-04 4.30874515269174803e-04 2.05867544621629442e-18 2.32842554779901486e-19 6.03358117270512465e-19 9.71205865149953045e-20 1.10092932490939014e-04 8.69701852371347020e-05 5.77266368592607783e-05 1.86042616420823407e-04 1.59427939913797667e-03 1.59427939913797667e-03 4.63629513447428795e-02 4.63629513447428795e-02 5.08205031018741507e-05 5.10890689789948531e-04 9.14397723266669246e-06 2.97602979884855661e-06 6.75547756144879432e-04 1.35549354272659264e-02 1.35549354272659264e-02 1.28997142161725396e-02 1.28997142161725396e-02 3.59031572721679564e-03 5.43995096555935365e-04 1.66679154519863986e-03 1.41329254191552279e-06 1.91427889044009264e-04 5.93187894360488240e-03 7.24271683992987132e-05 0.00000000000000000e+00 0.00000000000000000e+00 0.00000000000000000e+00 0.00000000000000000e+00 2.39767633951946973e-01 5.17621278537528026e-02 6.13436797098819375e-01 6.13436797098819375e-01 2.80100794454163915e-01 2.80100794454163915e-01 3.07192182031995997e-01 5.24617103698235110e-01 5.24617103698235110e-01 1.00257556837459225e-01 5.81909669386039274e-02 5.81909669386039274e-02 4.34519689836115105e-03 1.65545088948963089e-02 4.24367050228533082e-05 5.42501014826201264e-02 1.19271538637133842e-01 3.46685942296178357e-02 1.08949180789254720e-02 3.47518077622003957e-02 4.93211649047593358e-03 3.53255411460831964e-06 
1.07004787193989535e-09 5.44722476884903954e-07 2.77096406547577481e-06 5.02175873596098244e-06 1.16587493954710088e-04 2.69076558712827451e-04 1.19910094965673873e-05 6.56669246601018361e-06 1.88071190825650179e-05 2.54871690105449233e-04 5.04543013784526642e-06 2.54402195324888569e-04 3.92539981644488487e-02 3.92539981644488487e-02 4.58895767336132965e-03 4.58895767336132965e-03 3.46058996956253206e-18 1.37597675128992762e-18 4.04403654558964308e-18 5.48423280971220786e-18 2.88374624433201813e-03 3.05623745855995756e-02 1.72444042365385783e-02 4.29797752041040718e-02 4.32576745509540787e-03 4.32576745509540787e-03 1.01183260994950328e-01 1.01183260994950328e-01 7.04611202176692788e-03 4.07314697133072667e-02 5.63459829244502045e-04 3.50064734185135795e-03 7.05073484264630707e-02 7.34557234470729958e-01 7.34557234470729958e-01 9.87792308505340610e-01 9.87792308505340610e-01 3.31391819988355762e-01 1.45912117560022619e-01 4.47244733836582448e-02 6.59842580738848484e-03 1.84635016051874746e-03 6.10160795684185214e-02 5.12092058307912334e-04 0.00000000000000000e+00 0.00000000000000000e+00 0.00000000000000000e+00 0.00000000000000000e+00 3.17504885821421057e-02 5.36542403607418589e-03 1.17647531639116995e-02 1.17647531639116995e-02 1.33915829245238680e-02 1.33915829245238680e-02 1.99610155831053210e-01 2.73897208246137336e-01 2.73897208246137336e-01 5.90328211535040281e-02 1.24838778759570571e-01 1.24838778759570571e-01 3.01567928623991926e-05 1.51601695632904569e-05 1.31851271396720915e-07 4.66393050933280344e-05 3.97842919088933896e-06 1.45433065528239689e-06 4.16015144098130358e-07 1.17816205037431422e-06 3.88539599400141380e-08 1.06421158182790399e-07 
1.11643330824869641e-09 5.62127522188294553e-07 2.83229489286098111e-06 5.13227707498995666e-06 1.19148632262094708e-04 2.70796422274640453e-04 1.20666363637679816e-05 6.60641979373879493e-06 1.87638991437176885e-05 2.49040395988584873e-04 4.92349324869915923e-06 2.48251964665766869e-04 4.46124664973288065e-02 4.46124664973288065e-02 3.98518924688457191e-03 3.98518924688457191e-03 2.75517947685597869e-18 1.58064098467438541e-18 4.01101019429164636e-18 5.71741142142330538e-18 2.34367389211620307e-03 1.90341230565873147e-02 1.06955086668938746e-02 2.65861803826689599e-02 5.79845843016552065e-03 5.79845843016552065e-03 1.40721213363372150e-01 1.40721213363372150e-01 3.48464998074650293e-03 2.00156450893159005e-02 2.76164958988193673e-04 1.69428388027566268e-03 2.06150296908826774e-02 2.06986190754677835e-01 2.06986190754677835e-01 2.73666253100824208e-01 2.73666253100824208e-01 8.45874275253711699e-02 2.45102798175497287e-02 5.99666901381382990e-03 7.88610726123376643e-06 2.99247794582956933e-06 1.11708198800979417e-04 1.00475823801663575e-06 0.00000000000000000e+00 0.00000000000000000e+00 0.00000000000000000e+00 0.00000000000000000e+00 2.52500667374620921e-03 6.65914481953834244e-04 9.08758669746592002e-02 9.08758669746592002e-02 6.57299804491744827e-02 6.57299804491744827e-02 6.94674870281071555e-01 1.00000000000000000e+00 1.00000000000000000e+00 2.71035376321256516e-01 1.00000000000000000e+00 1.00000000000000000e+00 1.25516670622351895e-03 6.32392157330799063e-04 5.61022029584686663e-06 1.98901361856288492e-03 2.05490686117824851e-03 8.10470061684917358e-04 2.54283923105047701e-04 7.22178570146806147e-04 9.88851236640119591e-05 1.33269137161172381e-04 
7.85104811552354342e-01 1.96645933639814696e-01 3.36634808736088970e-03 3.76918018351674088e-03 2.18200900369229858e-02 2.83200804051239076e-02 4.60961252158094328e-03 4.28057523918110201e-03 5.23958079965464382e-02 3.25558455970614072e-02 2.66685314443971904e-04 1.40889154730368463e-02 7.83978311196556477e-01 7.83978311196556477e-01 3.86207127055192723e-01 3.86207127055192723e-01 4.98270529961409232e-16 3.14779729146694048e-16 1.83490932554976559e-16 5.55054224312669581e-16 2.55271021292101996e-01 1.10456861215680255e-01 5.62987628707264862e-02 8.98963284047593347e-02 2.73934894669459819e-02 2.73934894669459819e-02 7.45745418609356725e-01 7.45745418609356725e-01 1.12919464506284241e-02 1.69788008952671612e-02 7.16411719517730792e-05 6.23203552083289106e-03 6.89960335767221875e-05 1.92676905154207545e-01 1.92676905154207545e-01 1.82893013489757866e-01 1.82893013489757866e-01 2.05504337285300129e-04 4.02618557094243934e-02 2.73607068981038780e-02 7.36674680213193333e-03 3.77289246918635201e-03 2.05161232957651422e-02 6.51011831897355288e-05 0.00000000000000000e+00 0.00000000000000000e+00 0.00000000000000000e+00 0.00000000000000000e+00 7.06725565546471451e-02 5.96543712245247749e-03 4.46737857290294745e-03 4.46737857290294745e-03 2.76462482650990417e-03 2.76462482650990417e-03 4.12963177716736045e-04 9.35463064717001642e-03 9.35463064717001642e-03 4.17670960612331736e-04 2.27722904347456949e-02 2.27722904347456949e-02 4.42394474791261828e-05 4.70458013252542131e-05 4.70725170195028525e-07 4.00521942587890860e-04 6.66964181417899830e-06 5.21045077984301863e-06 9.74700002748436585e-06 3.83349664169747552e-05 3.22689933921435385e-05 5.01658087028829934e-07 
2.60377842384403095e-05 6.75265700726921346e-03 7.19758518580746154e-06 6.97937166898769953e-09 6.96874359224444823e-06 2.72078283162332970e-05 1.94937001583370541e-07 2.83995392151455027e-05 3.41365331544952891e-03 2.35028313402958425e-04 8.30537591733911929e-07 4.34659044860911115e-05 8.49470187435274138e-01 8.49470187435274138e-01 7.74537991316356922e-01 7.74537991316356922e-01 5.23646911306550089e-16 7.72797316046557353e-17 4.60059882950643839e-16 1.28657289202312490e-15 4.56506541401209220e-01 3.25624129335549406e-02 1.41270666741989733e-02 1.84307219411445726e-02 3.61742558051008772e-02 3.61742558051008772e-02 1.00000000000000000e+00 1.00000000000000000e+00 2.02896456721889558e-02 1.17676196507411936e-02 2.12559046592728261e-04 5.90044941789321081e-03 2.42125538165449152e-05 1.09070574574575280e-01 1.09070574574575280e-01 1.02870774288079878e-01 1.02870774288079878e-01 6.26641634096193948e-05 4.68731364757356203e-02 1.74059901811603551e-01 2.66896976468535621e-02 7.17504058334265862e-03 1.68740715823527954e-02 6.99982178246500494e-04 0.00000000000000000e+00 0.00000000000000000e+00 0.00000000000000000e+00 0.00000000000000000e+00 4.68581060182076820e-02 1.65280798355589113e-02 2.86524459977923161e-02 2.86524459977923161e-02 2.51261352353833629e-02 2.51261352353833629e-02 3.47699472657641385e-05 1.24752322231095757e-03 1.24752322231095757e-03 1.81638117641598257e-04 2.33542996959043569e-02 2.33542996959043569e-02 1.12385911831498807e-03 3.95989432856493333e-03 9.26784811841442937e-06 1.03847551310137960e-02 2.65983363956975036e-05 1.83689329455414632e-05 3.71084839787135488e-06 1.89793865722861188e-06 6.93225039764218046e-05 9.30909567813288670e-07 
4.57267607783495327e-10 2.48113348292192722e-04 3.28093912229780835e-06 3.91884250277366960e-06 2.20091844334765160e-05 4.96674314442483060e-05 8.37914733742594157e-06 6.80968958932636733e-06 2.74103172056266032e-04 8.31050888503723094e-07 5.80250223865762275e-08 1.51475363095374239e-06 1.04252650953480970e-02 1.04252650953480970e-02 1.11388347104637107e-02 1.11388347104637107e-02 1.25449169845239091e-17 2.55079894860656179e-18 4.57048662367817134e-18 1.80594485703503750e-17 6.29934179706139689e-03 1.05729774289653922e-03 6.59205489157401923e-04 1.62048005581510329e-03 1.49340193177983265e-03 1.49340193177983265e-03 3.85838659707551726e-02 3.85838659707551726e-02 3.94714442093929121e-04 1.26568413794558268e-03 1.76853527817921696e-05 1.25959885297551574e-05 5.80962238635326098e-04 1.75948460244324083e-02 1.75948460244324083e-02 1.57470281436284040e-02 1.57470281436284040e-02 3.02118908026076426e-03 7.33324939512286804e-04 4.22494784638817976e-03 8.68640341037271290e-04 3.84936197374237832e-04 5.08514113776956881e-03 7.06754691405703689e-05 0.00000000000000000e+00 0.00000000000000000e+00 0.00000000000000000e+00 0.00000000000000000e+00 1.50092561403931707e-01 3.14045077368302963e-02 3.16515990654349211e-01 3.16515990654349211e-01 1.25138976672245772e-01 1.25138976672245772e-01 4.28879039345962526e-02 8.17191529827052815e-02 8.17191529827052815e-02 4.66332667567048807e-03 4.01883762100820139e-03 4.01883762100820139e-03 3.09432376600202522e-04 1.13049374769029747e-03 1.95833465836321969e-06 2.28811113699450234e-03 1.00000000000000000e+00 4.34960132700624724e-01 2.65488277701959097e-01 8.67889286155771433e-01 5.23685421826471011e-03 1.81451155719945335e-05 
2.13668690665145485e-19 2.71112489290248117e-18 1.49446956308002490e-20 3.83982280475966753e-20 3.25781220600374091e-20 3.00227885063796189e-19 7.32685918268429362e-20 5.25016192855894565e-20 5.59029464446290871e-18 2.02003935384010254e-19 8.67860639005959252e-21 1.89484993783238648e-19 9.34240632651061242e-18 9.34240632651061242e-18 1.97401187633455367e-16 1.97401187633455367e-16 1.00000000000000000e+00 7.80109651719603558e-01 2.51236561062443860e-02 2.61551707591370190e-02 3.91146871704827800e-15 1.27118775133739860e-17 7.61616153491217554e-18 2.62588913220097870e-17 3.28661067908894536e-19 3.28661067908894536e-19 7.76543630295673016e-18 7.76543630295673016e-18 2.46276092527960839e-18 5.54696649333322249e-19 5.96206833585562718e-21 1.83847326533467989e-20 6.31941063338849637e-19 1.61025922432562735e-17 1.61025922432562735e-17 1.41256818677638425e-17 1.41256818677638425e-17 2.70684457729377127e-18 4.54101327345322994e-19 2.15758014943789150e-18 1.50031391742949954e-19 6.56174351842323766e-20 8.49409808383711286e-19 1.18012213118831958e-20 0.00000000000000000e+00 0.00000000000000000e+00 0.00000000000000000e+00 0.00000000000000000e+00 1.60698075130650611e-17 3.00420114401171017e-18 5.43050468347537306e-18 5.43050468347537306e-18 2.78262662879578185e-18 2.78262662879578185e-18 8.72900412275472163e-19 1.61184761499328191e-18 1.61184761499328191e-18 7.87713317519085049e-20 4.54309243358768308e-20 4.54309243358768308e-20 9.18781628033547184e-22 3.35105092388955624e-21 5.72315868566948246e-24 6.68043604528816948e-21 8.84290948770324626e-20 2.77981046856972482e-20 9.58352569622204697e-21 3.06181064269940916e-20 1.83037550791386523e-21 5.74992614290316208e-24 
6.65267843566850581e-04 1.00000000000000000e+00 1.44832764441218231e-01 1.33898839049319845e-01 7.19369796425465169e-01 3.53361970373786416e-02 5.83295964339875742e-03 4.65390922907654193e-03 1.01639674875792160e-01 4.17886588979733600e-05 3.60062678234354835e-07 9.28429666330322642e-06 5.90211511836059334e-03 5.90211511836059334e-03 6.59696241987754450e-02 6.59696241987754450e-02 1.00362500175838771e-16 3.79259514762599040e-17 6.83605099421869208e-17 1.66579658347341949e-16 4.92355814502758310e-02 1.38133346493499978e-03 8.42585747689888814e-04 1.72425241631344521e-03 1.65101614961582325e-04 1.65101614961582325e-04 4.82453044063643234e-03 4.82453044063643234e-03 5.06073616989873693e-04 5.25593273517492706e-04 4.18935737589631516e-06 8.67318333411053709e-06 1.46663382106226289e-06 2.32515321730723248e-03 2.32515321730723248e-03 1.87484932374334620e-03 1.87484932374334620e-03 1.99056441242404024e-05 3.34773479100614990e-04 7.75487723949564627e-04 9.08305662968841512e-05 3.00546383125914097e-05 1.80068877932192952e-04 3.29557777805252569e-06 0.00000000000000000e+00 0.00000000000000000e+00 0.00000000000000000e+00 0.00000000000000000e+00 1.11790963385604842e-03 2.04337631033286082e-04 9.40119143895929788e-05 9.40119143895929788e-05 1.19995404138394630e-04 1.19995404138394630e-04 1.86558487793212298e-06 4.22186528228525197e-05 4.22186528228525197e-05 2.32641994727186233e-06 9.80344650903109804e-06 9.80344650903109804e-06 2.14320600139621802e-06 7.99817484284486024e-06 1.72871781613603175e-08 2.14086522196443465e-05 3.70505904800668420e-08 4.84312947629366838e-08 2.99205718247113387e-08 9.31599423268877588e-08 6.81496480726185616e-08 4.28011683745334011e-10 
1.20780381294280538e-09 7.46052508670794158e-04 9.87453264690517172e-06 1.17116904257280370e-05 6.74192525092253477e-05 1.50945968903323281e-04 2.51062141617256085e-05 2.04930837372819113e-05 8.29607677020237832e-04 9.18972148780560011e-07 8.30942520418286545e-09 2.14319345897414979e-07 2.76600226952168210e-02 2.76600226952168210e-02 3.46479708958409849e-02 3.46479708958409849e-02 3.02217625956121768e-17 1.12148693146008552e-17 1.91521068420198336e-17 5.11923308539046061e-17 2.00031805686809241e-02 2.35335535570477955e-03 1.45760399576573291e-03 3.01228219620122955e-03 3.51949735783607881e-03 3.51949735783607881e-03 1.11363238102710413e-01 1.11363238102710413e-01 1.72876645151480695e-03 1.82382672887038502e-03 1.46302073935402183e-05 3.12237895285349937e-05 1.28713268181035917e-05 2.30372944520652323e-02 2.30372944520652323e-02 1.90075185879096907e-02 1.90075185879096907e-02 2.06747243402824552e-04 5.23927950907474450e-03 1.44033340612306823e-02 6.15459189890164935e-03 2.06963090517956784e-03 1.24891823217060383e-02 2.29552082213639055e-04 0.00000000000000000e+00 0.00000000000000000e+00 0.00000000000000000e+00 0.00000000000000000e+00 1.49187391303007316e-01 3.28991299350193944e-02 2.24498107723517283e-02 2.24498107723517283e-02 3.32665049740208593e-02 3.32665049740208593e-02 3.07478477183424073e-03 6.64003560118697350e-02 6.64003560118697350e-02 3.26979742574256540e-03 1.33240067913866604e-02 1.33240067913866604e-02 3.07488006861972585e-01 9.64850436109193299e-01 8.61954082600350125e-04 1.00000000000000000e+00 2.98855009862920150e-05 3.82909607156770365e-05 2.31159906278457296e-05 7.19239764645674567e-05 2.82820698082709612e-05 1.64758208892705399e-07 
9.65754077581503889e-08 1.01015995395344726e-01 2.52446322055476912e-03 3.02405139780692481e-03 1.74641752166799398e-02 7.32980563062790913e-01 1.30543520449024425e-01 1.35320525626415417e-01 1.00000000000000000e+00 2.93670146446090019e-03 6.00820653081418003e-05 1.56159697876491889e-03 8.80731858304737054e-03 8.80731858304737054e-03 1.21557294031506363e-01 1.21557294031506363e-01 1.64099806145455153e-16 2.50799774372372896e-17 1.71456631818395009e-16 4.60387638995841997e-16 1.10960060176799782e-01 2.50265869301734235e-03 1.52429594147360822e-03 3.11632042914827649e-03 2.48023132858986176e-04 2.48023132858986176e-04 7.24327330763523038e-03 7.24327330763523038e-03 8.66346355464934549e-04 8.98819939807614572e-04 7.16121028179389398e-06 1.47961729709034190e-05 2.38890196879603442e-06 3.76203642937520018e-03 3.76203642937520018e-03 3.03080921041193677e-03 3.03080921041193677e-03 3.22111638057802875e-05 5.34340016785994046e-04 1.23170026980837840e-03 1.40586854035737582e-04 4.65079199532403902e-05 2.78619268763812499e-04 5.09892441798826082e-06 0.00000000000000000e+00 0.00000000000000000e+00 0.00000000000000000e+00 0.00000000000000000e+00 1.71665275317093983e-03 3.13239373275797032e-04 1.40487303035613867e-04 1.40487303035613867e-04 1.80025731309115151e-04 1.80025731309115151e-04 2.81271841897771984e-06 6.36375789446761087e-05 6.36375789446761087e-05 3.50291298007341957e-06 1.47252232465509186e-05 1.47252232465509186e-05 3.20180194145075043e-06 1.19486556051675273e-05 2.58244437188567245e-08 3.19811265543414058e-05 5.51336763730686060e-08 7.20642567558054258e-08 4.45175204135489484e-08 1.38608322158146341e-07 1.01140912451668385e-07 6.34971577848707579e-10 
4.74295423388119511e-06 1.44513247686476882e-03 1.82221588327540812e-06 1.77117424166292344e-09 1.76983201861663138e-06 9.92916746234206798e-06 7.13149337828242455e-08 1.04677629862724966e-05 1.67655354655339727e-03 1.09553831815187492e-03 9.12275379679272102e-06 4.81225116869605249e-04 2.62061099003402832e-02 2.62061099003402832e-02 8.20290331656241545e-02 8.20290331656241545e-02 1.01710100293987018e-17 2.98667138220097616e-18 3.50812495940265938e-18 2.41370962983527253e-17 2.49118345829443671e-02 3.28925791425030076e-02 1.52928934010416948e-02 2.09078426581736469e-02 4.19656654466683560e-04 4.19656654466683560e-04 1.04259524499531030e-02 1.04259524499531030e-02 7.35318306922763502e-03 5.85323681411206720e-03 1.18677003282473023e-04 5.40319448824602092e-03 9.38621014819423870e-05 1.67153574413057227e-01 1.67153574413057227e-01 1.56736586539742928e-01 1.56736586539742928e-01 1.02004122597524846e-03 9.54790053043146764e-02 2.52855959975532563e-01 9.02135259449936999e-01 3.51013186619787143e-01 1.00000000000000000e+00 4.69808689198959809e-02 0.00000000000000000e+00 0.00000000000000000e+00 0.00000000000000000e+00 0.00000000000000000e+00 1.97631835230059096e-02 3.45728580722786142e-03 7.37086507184149256e-06 7.37086507184149256e-06 1.51352777149190155e-05 1.51352777149190155e-05 3.89181363857972248e-08 1.29380635148956817e-06 1.29380635148956817e-06 1.30948176493853447e-07 7.01220421230171906e-06 7.01220421230171906e-06 2.93160010639811031e-08 1.02978506235772633e-07 2.34531858696723157e-10 2.61975067128175216e-07 4.10050374843987635e-11 2.65876482378321666e-11 4.98355475261525956e-12 2.54310917002517261e-12 2.24512696901997048e-12 1.11911630840503066e-14 
1.89714727048273602e-05 5.87762409852472367e-03 7.52188339415610779e-06 7.31259416184561717e-09 7.30750420338597091e-06 4.20096688897779138e-05 3.01769923569884369e-07 4.43127367041578000e-05 7.19428232097672846e-03 4.86860341869625908e-03 4.06338826158821094e-05 2.14346479546327715e-03 6.11447368951113790e-02 6.11447368951113790e-02 4.09008720484696053e-01 4.09008720484696053e-01 6.76533408490916334e-17 2.08675143895246008e-17 2.07223868813690280e-17 1.41465088142734413e-16 1.65088439215160698e-01 1.00000000000000000e+00 4.94027912238421685e-01 7.04000012435517353e-01 5.87525803052911261e-04 5.87525803052911261e-04 1.42372878254486135e-02 1.42372878254486135e-02 9.12114113573785079e-02 6.97525303038770694e-02 1.39183498346724015e-03 5.88533496444583609e-02 2.45031293681754472e-04 3.69087005789193512e-01 3.69087005789193512e-01 3.36944744227698934e-01 3.36944744227698934e-01 2.16113493727274801e-03 1.22966280292208352e-01 2.63199098058409631e-01 3.49066103750348966e-02 1.11172619340359248e-02 2.85814086191391106e-02 1.25668030832142182e-03 0.00000000000000000e+00 0.00000000000000000e+00 0.00000000000000000e+00 0.00000000000000000e+00 3.87472509468865436e-03 8.42668412084568810e-04 6.56553680319246352e-06 6.56553680319246352e-06 1.23461946711829874e-05 1.23461946711829874e-05 2.53614305209342021e-08 8.49945651079972838e-07 8.49945651079972838e-07 8.90883889366207779e-08 5.13540195043212791e-06 5.13540195043212791e-06 2.47040634123218588e-08 8.67893313604223064e-08 1.97887856574463576e-10 2.21072219345719630e-07 3.76641876931474415e-11 2.44537142635431830e-11 4.59064668420950232e-12 2.34271628127305686e-12 2.17336113524958304e-12 1.09107957144429164e-14 
9.48585108955696230e-06 2.90626811801252775e-03 3.68245796282970739e-06 3.57953390701812493e-09 3.57689342374456014e-06 2.02263372855742285e-05 1.45279335499323180e-07 2.13272448674403105e-05 3.43068765169727207e-03 2.26656515289549868e-03 1.88874021416680733e-05 9.96314213692978557e-04 4.50135223200016504e-02 4.50135223200016504e-02 1.79047339521358734e-01 1.79047339521358734e-01 2.06834195822660030e-17 4.26431009516960271e-18 1.11261847405843376e-17 5.37816442923994179e-17 5.74093649764338271e-02 9.25868939541616559e-02 4.32038824731093007e-02 5.92068048546223538e-02 5.56408726297647448e-04 5.56408726297647448e-04 1.35781098954712038e-02 1.35781098954712038e-02 2.62999990575583896e-02 2.11010756787496367e-02 4.29228739687293056e-04 1.98553304930481518e-02 1.20399510077399356e-03 9.90703854126841477e-01 9.90703854126841477e-01 9.21030833535709359e-01 9.21030833535709359e-01 5.46320067382496458e-02 5.18034976021509164e-01 8.23273508806713683e-01 5.33928897080633083e-02 1.69442209145271097e-02 4.34936680784178409e-02 1.91057320101135843e-03 0.00000000000000000e+00 0.00000000000000000e+00 0.00000000000000000e+00 0.00000000000000000e+00 5.29320111801012249e-03 1.12669410692168214e-03 6.87199182165755453e-06 6.87199182165755453e-06 1.32893303416745667e-05 1.32893303416745667e-05 2.86930691443849745e-08 9.59713251098954620e-07 9.59713251098954620e-07 9.97134121637700615e-08 5.63844190710897816e-06 5.63844190710897816e-06 2.60712217935012723e-08 9.15888709345564170e-08 2.08760313958692382e-10 2.33209416695803084e-07 3.87156284182832892e-11 2.51259193047592754e-11 4.71454639660424898e-12 2.40591023010701222e-12 2.19676782113147105e-12 1.10026772131916678e-14 
8.53517006526553502e-05 3.32313899932211790e-02 5.36303715393109204e-05 5.23069235676038637e-08 5.23249723935096417e-05 4.84791043329828482e-04 3.49334293515392121e-06 5.17892609559083813e-04 1.20099925415561429e-01 9.42753082267962061e-01 1.88062938198064744e-02 1.00000000000000000e+00 6.88659536365855088e-03 6.88659536365855088e-03 4.65645354573448023e-01 4.65645354573448023e-01 1.20107919211971080e-15 1.65246174766333455e-16 1.08094105355854028e-15 2.94194879029328491e-15 8.41337531178674936e-01 1.51268644236563748e-01 7.00360961122910852e-02 9.55240767961544196e-02 2.04206817995285110e-05 2.04206817995285110e-05 4.68469937994775605e-04 4.68469937994775605e-04 1.08688563207261238e-01 6.53409378243522548e-02 1.20055125767018099e-03 3.69947976487123367e-02 1.07987642234432890e-05 1.35087328679678702e-02 1.35087328679678702e-02 1.18161331012144235e-02 1.18161331012144235e-02 6.56720090098458385e-05 1.21515721567452199e-03 1.21750679162304113e-03 3.46300550913419933e-04 1.10809080121326256e-04 2.85455368965029696e-04 1.25659264086996860e-05 0.00000000000000000e+00 0.00000000000000000e+00 0.00000000000000000e+00 0.00000000000000000e+00 4.21088763951308210e-05 9.17776330834993633e-06 5.47875163307600647e-08 5.47875163307600647e-08 1.11788640802765841e-07 1.11788640802765841e-07 2.05763120976841251e-10 6.83436679607782517e-09 6.83436679607782517e-09 6.84062508146448231e-10 3.48895114375885063e-08 3.48895114375885063e-08 1.10608629239053397e-10 3.88360189157101260e-10 8.80925600927420775e-13 9.83548731661898194e-10 9.43115043170505799e-14 6.03937205251387167e-14 1.11529695645767157e-14 5.68879867062526053e-15 2.24346514619532763e-15 8.88796345096447788e-18 
4.26824318569413790e-06 1.42348016478821213e-03 1.94798208042103427e-06 1.89544788921190327e-09 1.89466488815161566e-06 1.22096250981698167e-05 8.77629937564079303e-08 1.29128370981908094e-05 2.23911795834470751e-03 1.81212946519505218e-03 1.53084837174070851e-05 8.07589603398258275e-04 2.50413097581606145e-03 2.50413097581606145e-03 1.14408184071908808e-01 1.14408184071908808e-01 2.03369974795346968e-16 2.37645978519763972e-17 1.79389780074501880e-16 4.98843642359739714e-16 1.96279474490305167e-01 2.00276738023098227e-01 9.51626213122075543e-02 1.32001029522763880e-01 7.81783474927128399e-06 7.81783474927128399e-06 1.74765964572215921e-04 1.74765964572215921e-04 1.00000000000000000e+00 6.60316100304578213e-01 1.26307529757591023e-02 4.81337983020597493e-01 5.87764528565978779e-05 5.81385953890123236e-02 5.81385953890123236e-02 5.08881521827685909e-02 5.08881521827685909e-02 3.61443843132981917e-04 1.01525624432325934e-02 1.69634488760289880e-02 5.55513665265990400e-04 1.74511132504702275e-04 4.45935903381193262e-04 1.95364931183923421e-05 0.00000000000000000e+00 0.00000000000000000e+00 0.00000000000000000e+00 0.00000000000000000e+00 3.67908910432670553e-05 7.07691511472423386e-06 7.98000907727096331e-09 7.98000907727096331e-09 2.07191399920167609e-08 2.07191399920167609e-08 4.52250785007936743e-11 1.47220470729176170e-09 1.47220470729176170e-09 1.33841586770956653e-10 5.41315019227174183e-09 5.41315019227174183e-09 9.01705962392165833e-12 3.16346387749103138e-11 7.12478206354764953e-14 7.94827478338213565e-11 3.69463287180627229e-15 2.32790463987954545e-15 4.21709120426874984e-16 2.14976355490918653e-16 3.28649349189730008e-17 1.01367827253110310e-19 
2.04120904582463663e-07 6.96988788838580884e-05 1.71735551034053862e-06 8.95160897528176554e-08 6.56882882775362725e-08 1.28661121154263843e-07 2.42118658632511744e-07 3.81268833732524358e-06 7.84133770115619396e-05 6.29314815834826473e-06 6.64234385012547745e-08 6.30104596702292435e-10 1.85752368849678739e-03 1.85752368849678739e-03 2.87399397618632755e-03 2.87399397618632755e-03 1.60131155011153512e-18 1.17348748948819953e-19 2.59035844548740066e-18 6.70377308213436839e-18 1.53794403312793406e-03 5.12823852775776243e-05 5.79168042138085564e-06 4.06698993487840397e-06 3.62375599569253525e-04 3.62375599569253525e-04 1.05509404927365366e-05 1.05509404927365366e-05 3.77583711309388472e-05 2.19919495212806382e-07 3.76700360577192457e-07 2.77579666290292260e-05 1.53711395975265089e-04 5.62828780376352079e-05 5.62828780376352079e-05 3.37372615281284372e-05 3.37372615281284372e-05 6.44883505709764604e-05 3.11461306605319223e-04 7.08876634859051608e-04 4.48098707309447481e-05 1.84584912024092139e-05 1.72400692199866999e-06 1.75639899506605807e-05 0.00000000000000000e+00 0.00000000000000000e+00 0.00000000000000000e+00 0.00000000000000000e+00 1.13961493972290849e-04 4.44032927602364949e-04 1.05731967757110891e-02 1.05731967757110891e-02 7.09127625952193398e-03 7.09127625952193398e-03 6.11995740363338288e-05 2.26811001839796945e-04 2.26811001839796945e-04 5.75508654388387302e-04 2.45766781650145236e-04 2.45766781650145236e-04 1.19434754182392894e-03 4.05970540975353724e-04 7.13592401980333170e-05 5.46825463914055845e-06 3.58744930280055756e-03 1.84037875438807321e-03 1.41277442930358226e-04 4.80895046987641042e-05 8.41916020266869070e-02 1.00000000000000000e+00 
0.00000000000000000e+00 0.00000000000000000e+00 0.00000000000000000e+00 0.00000000000000000e+00 0.00000000000000000e+00 0.00000000000000000e+00 0.00000000000000000e+00 0.00000000000000000e+00 0.00000000000000000e+00 0.00000000000000000e+00 0.00000000000000000e+00 0.00000000000000000e+00 0.00000000000000000e+00 0.00000000000000000e+00 0.00000000000000000e+00 0.00000000000000000e+00 0.00000000000000000e+00 0.00000000000000000e+00 0.00000000000000000e+00 0.00000000000000000e+00 0.00000000000000000e+00 0.00000000000000000e+00 0.00000000000000000e+00 0.00000000000000000e+00 0.00000000000000000e+00 0.00000000000000000e+00 0.00000000000000000e+00 0.00000000000000000e+00 0.00000000000000000e+00 0.00000000000000000e+00 0.00000000000000000e+00 0.00000000000000000e+00 0.00000000000000000e+00 0.00000000000000000e+00 0.00000000000000000e+00 0.00000000000000000e+00 0.00000000000000000e+00 0.00000000000000000e+00 0.00000000000000000e+00 0.00000000000000000e+00 0.00000000000000000e+00 0.00000000000000000e+00 0.00000000000000000e+00 0.00000000000000000e+00 1.00000000000000000e+00 0.00000000000000000e+00 0.00000000000000000e+00 0.00000000000000000e+00 0.00000000000000000e+00 0.00000000000000000e+00 0.00000000000000000e+00 0.00000000000000000e+00 0.00000000000000000e+00 0.00000000000000000e+00 0.00000000000000000e+00 0.00000000000000000e+00 0.00000000000000000e+00 0.00000000000000000e+00 0.00000000000000000e+00 0.00000000000000000e+00 0.00000000000000000e+00 0.00000000000000000e+00 0.00000000000000000e+00 0.00000000000000000e+00 0.00000000000000000e+00 0.00000000000000000e+00 0.00000000000000000e+00 0.00000000000000000e+00 0.00000000000000000e+00 0.00000000000000000e+00 
0.00000000000000000e+00 0.00000000000000000e+00 0.00000000000000000e+00 0.00000000000000000e+00 0.00000000000000000e+00 0.00000000000000000e+00 0.00000000000000000e+00 0.00000000000000000e+00 0.00000000000000000e+00 0.00000000000000000e+00 0.00000000000000000e+00 0.00000000000000000e+00 0.00000000000000000e+00 0.00000000000000000e+00 0.00000000000000000e+00 0.00000000000000000e+00 0.00000000000000000e+00 0.00000000000000000e+00 0.00000000000000000e+00 0.00000000000000000e+00 0.00000000000000000e+00 0.00000000000000000e+00 0.00000000000000000e+00 0.00000000000000000e+00 0.00000000000000000e+00 0.00000000000000000e+00 0.00000000000000000e+00 0.00000000000000000e+00 0.00000000000000000e+00 0.00000000000000000e+00 0.00000000000000000e+00 0.00000000000000000e+00 0.00000000000000000e+00 0.00000000000000000e+00 0.00000000000000000e+00 0.00000000000000000e+00 0.00000000000000000e+00 0.00000000000000000e+00 0.00000000000000000e+00 0.00000000000000000e+00 0.00000000000000000e+00 0.00000000000000000e+00 0.00000000000000000e+00 0.00000000000000000e+00 0.00000000000000000e+00 0.00000000000000000e+00 0.00000000000000000e+00 1.00000000000000000e+00 0.00000000000000000e+00 0.00000000000000000e+00 0.00000000000000000e+00 0.00000000000000000e+00 0.00000000000000000e+00 0.00000000000000000e+00 0.00000000000000000e+00 0.00000000000000000e+00 0.00000000000000000e+00 0.00000000000000000e+00 0.00000000000000000e+00 0.00000000000000000e+00 0.00000000000000000e+00 0.00000000000000000e+00 0.00000000000000000e+00 0.00000000000000000e+00 0.00000000000000000e+00 0.00000000000000000e+00 0.00000000000000000e+00 0.00000000000000000e+00 0.00000000000000000e+00 0.00000000000000000e+00 
2.18363354258780684e-07 9.52062387795774462e-05 2.69077066608120064e-06 3.72539339298074293e-07 1.69412598295994374e-07 4.01918699756870294e-07 8.28871838833336881e-07 5.86340123939291359e-06 1.06738497491520683e-04 5.09711414410005527e-06 1.02823838683456961e-08 1.35352299380132220e-07 3.61053015224819173e-03 3.61053015224819173e-03 4.09894689132063450e-03 4.09894689132063450e-03 3.19824499177219081e-18 5.03532869148867665e-19 2.57464610410986369e-18 7.07103664147679251e-18 2.24898512507530970e-03 2.70482795482210813e-05 1.18822737900449679e-05 1.01403911104982609e-05 9.88728564970943154e-05 9.88728564970943154e-05 8.89963893383346593e-04 8.89963893383346593e-04 7.57636233047697630e-05 8.83250790540837228e-06 1.25585215699964732e-06 1.00890239617530659e-05 2.76822139867774149e-05 1.37348601092968152e-04 1.37348601092968152e-04 2.91881585175917345e-04 2.91881585175917345e-04 2.21453820149637286e-04 4.31722825939660968e-05 1.21345845496289586e-03 1.34787873581067926e-04 1.40127049655946474e-05 4.23289531006388294e-05 4.61204421430198899e-07 0.00000000000000000e+00 0.00000000000000000e+00 0.00000000000000000e+00 0.00000000000000000e+00 9.90613640770153297e-04 5.82440862936741419e-04 4.93978251008560035e-02 4.93978251008560035e-02 6.58463701798168554e-03 6.58463701798168554e-03 1.23600145663258747e-05 1.05236680932257521e-03 1.05236680932257521e-03 3.13493889981421813e-04 4.16141194700495336e-04 4.16141194700495336e-04 7.88987394184798301e-04 8.85982682979879468e-04 3.14030811694930670e-06 1.55442219704777287e-04 1.65246655461932929e-02 1.84378197518212826e-03 1.70469855519120170e-04 2.75361247715352308e-04 1.00000000000000000e+00 8.48790174181685148e-02 
0.00000000000000000e+00 0.00000000000000000e+00 0.00000000000000000e+00 0.00000000000000000e+00 0.00000000000000000e+00 0.00000000000000000e+00 0.00000000000000000e+00 0.00000000000000000e+00 0.00000000000000000e+00 0.00000000000000000e+00 0.00000000000000000e+00 0.00000000000000000e+00 0.00000000000000000e+00 0.00000000000000000e+00 0.00000000000000000e+00 0.00000000000000000e+00 0.00000000000000000e+00 0.00000000000000000e+00 0.00000000000000000e+00 0.00000000000000000e+00 0.00000000000000000e+00 0.00000000000000000e+00 0.00000000000000000e+00 0.00000000000000000e+00 0.00000000000000000e+00 0.00000000000000000e+00 0.00000000000000000e+00 0.00000000000000000e+00 0.00000000000000000e+00 0.00000000000000000e+00 0.00000000000000000e+00 0.00000000000000000e+00 0.00000000000000000e+00 0.00000000000000000e+00 0.00000000000000000e+00 0.00000000000000000e+00 0.00000000000000000e+00 0.00000000000000000e+00 0.00000000000000000e+00 0.00000000000000000e+00 0.00000000000000000e+00 0.00000000000000000e+00 0.00000000000000000e+00 0.00000000000000000e+00 0.00000000000000000e+00 1.00000000000000000e+00 0.00000000000000000e+00 0.00000000000000000e+00 0.00000000000000000e+00 0.00000000000000000e+00 0.00000000000000000e+00 0.00000000000000000e+00 0.00000000000000000e+00 0.00000000000000000e+00 0.00000000000000000e+00 0.00000000000000000e+00 0.00000000000000000e+00 0.00000000000000000e+00 0.00000000000000000e+00 0.00000000000000000e+00 0.00000000000000000e+00 0.00000000000000000e+00 0.00000000000000000e+00 0.00000000000000000e+00 0.00000000000000000e+00 0.00000000000000000e+00 0.00000000000000000e+00 0.00000000000000000e+00 0.00000000000000000e+00 0.00000000000000000e+00 
0.00000000000000000e+00 0.00000000000000000e+00 0.00000000000000000e+00 0.00000000000000000e+00 0.00000000000000000e+00 0.00000000000000000e+00 0.00000000000000000e+00 0.00000000000000000e+00 0.00000000000000000e+00 0.00000000000000000e+00 0.00000000000000000e+00 0.00000000000000000e+00 0.00000000000000000e+00 0.00000000000000000e+00 0.00000000000000000e+00 0.00000000000000000e+00 0.00000000000000000e+00 0.00000000000000000e+00 0.00000000000000000e+00 0.00000000000000000e+00 0.00000000000000000e+00 0.00000000000000000e+00 0.00000000000000000e+00 0.00000000000000000e+00 0.00000000000000000e+00 0.00000000000000000e+00 0.00000000000000000e+00 0.00000000000000000e+00 0.00000000000000000e+00 0.00000000000000000e+00 0.00000000000000000e+00 0.00000000000000000e+00 0.00000000000000000e+00 0.00000000000000000e+00 0.00000000000000000e+00 0.00000000000000000e+00 0.00000000000000000e+00 0.00000000000000000e+00 0.00000000000000000e+00 0.00000000000000000e+00 0.00000000000000000e+00 0.00000000000000000e+00 0.00000000000000000e+00 0.00000000000000000e+00 0.00000000000000000e+00 0.00000000000000000e+00 1.00000000000000000e+00 0.00000000000000000e+00 0.00000000000000000e+00 0.00000000000000000e+00 0.00000000000000000e+00 0.00000000000000000e+00 0.00000000000000000e+00 0.00000000000000000e+00 0.00000000000000000e+00 0.00000000000000000e+00 0.00000000000000000e+00 0.00000000000000000e+00 0.00000000000000000e+00 0.00000000000000000e+00 0.00000000000000000e+00 0.00000000000000000e+00 0.00000000000000000e+00 0.00000000000000000e+00 0.00000000000000000e+00 0.00000000000000000e+00 0.00000000000000000e+00 0.00000000000000000e+00 0.00000000000000000e+00 0.00000000000000000e+00 
