4.99696488111595824e-02 4.99696488111595824e-02 5.73682983411620538e-07 0.00000000000000000e+00 0.00000000000000000e+00 0.00000000000000000e+00 0.00000000000000000e+00 0.00000000000000000e+00 0.00000000000000000e+00 0.00000000000000000e+00 0.00000000000000000e+00 1.19289465759093039e-03 1.19289465759093039e-03 1.11172345713193951e-04 1.99577258981724890e-05 2.48497236729252935e-06 8.96219455141062243e-02 8.96219455141062243e-02 6.98439917071589267e-04 6.98439917071589267e-04 4.72017828441739065e-17 7.63485012498580046e-21 0.00000000000000000e+00 0.00000000000000000e+00 4.11980679498694775e-04 1.56311648146914003e-04 5.41421245763118800e-03 1.97007128758661760e-03 6.12723610939392112e-06 3.93592772800514020e-03 3.93592772800514020e-03 3.12886271739443340e-03 1.81461808876157912e-02 8.03851332351793722e-04 9.94210658654444551e-02 9.94210658654444551e-02 7.11859548582110535e-02 7.11859548582110535e-02 7.45926881606728820e-03 2.67442068696275995e-04 2.76991216420192278e-08 5.94954243607630998e-04 1.63776805469445265e-02 1.38686838153074549e-02 0.00000000000000000e+00 0.00000000000000000e+00 0.00000000000000000e+00 0.00000000000000000e+00 3.30399736867526050e-01 1.00000000000000000e+00 3.26458376944724071e-01 3.26458376944724071e-01 1.00000000000000000e+00 1.00000000000000000e+00 1.24302381669432638e-01 1.24302381669432638e-01 3.52750455099797300e-02 1.58441229166124742e-01 1.59142858042870469e-02 1.59142858042870469e-02 0.00000000000000000e+00 0.00000000000000000e+00 0.00000000000000000e+00 0.00000000000000000e+00 1.67564690411691093e-02 4.30379878744528849e-02 2.47822092135913004e-02 9.19239964732664581e-03 2.02574198526599716e-04 1.74805378294473401e-04 
2.16708609697034834e-03 2.16708609697034834e-03 2.00674161278917384e-08 0.00000000000000000e+00 0.00000000000000000e+00 0.00000000000000000e+00 0.00000000000000000e+00 0.00000000000000000e+00 0.00000000000000000e+00 0.00000000000000000e+00 0.00000000000000000e+00 3.71728891825965876e-05 3.71728891825965876e-05 1.38906885293939305e-06 2.31635336194666867e-06 2.22103536671968574e-07 2.41986605609799703e-03 2.41986605609799703e-03 1.16219549898814492e-04 1.16219549898814492e-04 3.79717823922285997e-18 1.08220224866272372e-20 0.00000000000000000e+00 0.00000000000000000e+00 2.36161155061938495e-06 2.77711900316997163e-06 5.23418772625269165e-05 1.89271603728688682e-05 1.53676751493962169e-07 1.04091078582756760e-04 1.04091078582756760e-04 8.22746255956749732e-05 1.00872601656701809e-03 5.63901809195924183e-05 5.56757957200527172e-03 5.56757957200527172e-03 4.01525887894761766e-03 4.01525887894761766e-03 4.46590006904986313e-04 3.08961811306269736e-05 1.09027889917917104e-08 9.36383823815294488e-05 2.58946414128897323e-03 2.19222220556321420e-03 0.00000000000000000e+00 0.00000000000000000e+00 0.00000000000000000e+00 0.00000000000000000e+00 1.10873676837811908e-01 3.73815344685944684e-01 2.02860136731060819e-01 2.02860136731060819e-01 6.79274333975776745e-01 6.79274333975776745e-01 3.03386040458806072e-01 3.03386040458806072e-01 2.00763931667668843e-01 2.61725487054931427e-01 7.08149950636230846e-02 7.08149950636230846e-02 0.00000000000000000e+00 0.00000000000000000e+00 0.00000000000000000e+00 0.00000000000000000e+00 3.39236808037479617e-02 8.03443573464629746e-02 4.17273599010855520e-02 1.54132073802406896e-02 2.43402494612584408e-04 4.08945505433353830e-04 
8.94267629726777820e-03 8.94267629726777820e-03 3.40703060458118633e-10 0.00000000000000000e+00 0.00000000000000000e+00 0.00000000000000000e+00 0.00000000000000000e+00 0.00000000000000000e+00 0.00000000000000000e+00 0.00000000000000000e+00 0.00000000000000000e+00 2.54444326304906522e-05 2.54444326304906522e-05 6.87213781177728049e-05 1.38159629683368466e-04 1.31772072131867416e-05 6.19660696152419047e-02 6.19660696152419047e-02 1.51119585504489460e-03 1.51119585504489460e-03 1.27236369876757719e-17 3.73523265562748819e-21 0.00000000000000000e+00 0.00000000000000000e+00 4.16308801177502243e-05 8.35598585331630977e-03 1.71255776120662617e-02 7.53879926313294046e-03 1.98210253585405403e-06 1.45630540938111296e-02 1.45630540938111296e-02 1.14890207511237873e-02 1.00000000000000000e+00 1.76672063673988133e-01 3.16361653253243225e-01 3.16361653253243225e-01 2.99461852638227499e-01 2.99461852638227499e-01 1.32591124689285279e-02 2.40415255690335774e-04 4.36400163699334483e-06 9.97005755665901191e-04 7.31120360757189780e-03 6.22191445599139682e-03 0.00000000000000000e+00 0.00000000000000000e+00 0.00000000000000000e+00 0.00000000000000000e+00 3.26399992924590321e-02 1.19632197315156105e-01 1.09078792195696980e-02 1.09078792195696980e-02 1.93692787780960982e-02 1.93692787780960982e-02 8.56089446972762153e-02 8.56089446972762153e-02 8.21821919134604201e-02 1.08024012802359529e-01 3.45744267275666303e-02 3.45744267275666303e-02 0.00000000000000000e+00 0.00000000000000000e+00 0.00000000000000000e+00 0.00000000000000000e+00 3.23435986893371661e-06 2.03811178955161105e-06 4.92502217880157274e-07 1.07072648049818007e-07 1.46192613999904014e-07 1.59811083538068373e-07 
1.11116015571668288e-02 1.11116015571668288e-02 3.55472177659192972e-10 0.00000000000000000e+00 0.00000000000000000e+00 0.00000000000000000e+00 0.00000000000000000e+00 0.00000000000000000e+00 0.00000000000000000e+00 0.00000000000000000e+00 0.00000000000000000e+00 2.50976630631195373e-05 2.50976630631195373e-05 6.71494610173672431e-05 1.34820814951906373e-04 1.28586644126086790e-05 9.01319072452037018e-02 9.01319072452037018e-02 2.24544408450249883e-03 2.24544408450249883e-03 1.06629214402414614e-17 4.62355214974526739e-21 0.00000000000000000e+00 0.00000000000000000e+00 3.00637157185453227e-05 5.18166310254174808e-03 1.04189798106048125e-02 4.58552775646492699e-03 9.75813267202991863e-07 7.01694222465038334e-03 7.01694222465038334e-03 5.53346325935239608e-03 2.92387917376001283e-01 4.52710977734771328e-02 7.84394979217437061e-02 7.84394979217437061e-02 7.39280011329577352e-02 7.39280011329577352e-02 2.39959594053256375e-03 3.47294322960665304e-05 5.83928664814021154e-09 1.79233962959293794e-06 2.23016532999750429e-05 1.94180464535187722e-05 0.00000000000000000e+00 0.00000000000000000e+00 0.00000000000000000e+00 0.00000000000000000e+00 8.76266453142585632e-03 4.16976138040506608e-02 8.30300140470381642e-02 8.30300140470381642e-02 9.52779173950701191e-02 9.52779173950701191e-02 3.32343268011608961e-01 3.32343268011608961e-01 3.25456892516908569e-01 5.43820326796776610e-01 2.78623151221554066e-01 2.78623151221554066e-01 0.00000000000000000e+00 0.00000000000000000e+00 0.00000000000000000e+00 0.00000000000000000e+00 1.67006894929718928e-03 1.13537125178669440e-03 3.00897736648440166e-04 6.56017418650420379e-05 3.71758165046947003e-04 2.00107836033503616e-04 
8.13692193362116623e-01 8.13692193362116623e-01 9.98593772980658323e-01 0.00000000000000000e+00 0.00000000000000000e+00 0.00000000000000000e+00 0.00000000000000000e+00 0.00000000000000000e+00 0.00000000000000000e+00 0.00000000000000000e+00 0.00000000000000000e+00 2.07285207225911469e-02 2.07285207225911469e-02 3.47082963977108222e-02 1.06921680460377207e-02 9.83392556913277680e-04 8.44415867596413183e-01 8.44415867596413183e-01 1.70090567275589070e-02 1.70090567275589070e-02 1.10627502869942005e-18 2.78481095733912170e-19 0.00000000000000000e+00 0.00000000000000000e+00 1.08727059001322603e-02 7.56425074984963669e-02 4.03412589936407856e-02 1.87096806027780838e-02 4.10945981771256377e-04 1.21739554665422946e-02 1.21739554665422946e-02 7.28545294156858741e-03 3.63806592533926290e-03 7.99312957579749591e-06 1.17370345326227768e-01 1.17370345326227768e-01 9.33014399104259290e-02 9.33014399104259290e-02 3.12731903186062241e-02 3.36975651811373096e-03 4.05328785638762914e-04 3.18314275073077781e-03 4.12876167405332173e-03 3.16480934630757266e-03 0.00000000000000000e+00 0.00000000000000000e+00 0.00000000000000000e+00 0.00000000000000000e+00 1.32853469951116506e-03 1.68455491036719634e-03 3.29816465474733938e-03 3.29816465474733938e-03 9.58359543167038377e-03 9.58359543167038377e-03 3.18283305153491819e-03 3.18283305153491819e-03 9.92342419383760582e-04 1.50028220661680301e-02 2.11432842393955781e-02 2.11432842393955781e-02 0.00000000000000000e+00 0.00000000000000000e+00 0.00000000000000000e+00 0.00000000000000000e+00 7.73364505298210030e-06 1.97836575891873097e-05 2.31107307622358123e-05 1.01727604741251870e-05 2.53911704225398299e-06 6.16902299993542405e-06 
8.60845154484492170e-01 8.60845154484492170e-01 3.49137900559239582e-05 0.00000000000000000e+00 0.00000000000000000e+00 0.00000000000000000e+00 0.00000000000000000e+00 0.00000000000000000e+00 0.00000000000000000e+00 0.00000000000000000e+00 0.00000000000000000e+00 9.97412253937276616e-01 9.97412253937276616e-01 2.63738058544330423e-04 3.50010061126172881e-05 3.19420232049035097e-06 8.39311642777968769e-01 8.39311642777968769e-01 1.69013942669241045e-02 1.69013942669241045e-02 2.47210111234983029e-17 3.71077411831333373e-19 0.00000000000000000e+00 0.00000000000000000e+00 5.00049067013547566e-01 2.99175481864088905e-02 1.02185046815909519e-02 4.70883232640005849e-03 1.74352863117296815e-02 9.87750591688568540e-03 9.87750591688568540e-03 5.78696056603767665e-03 7.17620937469660254e-04 5.25781545914202958e-07 5.68438554820797637e-02 5.68438554820797637e-02 4.50693938214785164e-02 4.50693938214785164e-02 4.04196497005155087e-02 1.76474321144580365e-01 1.74875803493470365e-02 1.83169948603813422e-02 3.26997112073569053e-03 2.29020661145596782e-03 0.00000000000000000e+00 0.00000000000000000e+00 0.00000000000000000e+00 0.00000000000000000e+00 3.42309651364095619e-03 3.71437609628160826e-03 4.59467059615170127e-03 4.59467059615170127e-03 1.31338718300312070e-02 1.31338718300312070e-02 3.06768944370305798e-03 3.06768944370305798e-03 9.61062982775199269e-04 1.59506495510321131e-02 2.32620432907709417e-02 2.32620432907709417e-02 0.00000000000000000e+00 0.00000000000000000e+00 0.00000000000000000e+00 0.00000000000000000e+00 2.37504854881183565e-05 6.02010585159199014e-05 6.30818906244720682e-05 2.62500525024497765e-05 7.73288793260221243e-06 2.30880874461684974e-05 
2.03965149170381521e-03 2.03965149170381521e-03 3.33829363535065553e-10 0.00000000000000000e+00 0.00000000000000000e+00 0.00000000000000000e+00 0.00000000000000000e+00 0.00000000000000000e+00 0.00000000000000000e+00 0.00000000000000000e+00 0.00000000000000000e+00 1.16137037896484083e-05 1.16137037896484083e-05 8.74915314771440495e-07 1.26978337503020842e-06 1.12394479738933634e-07 5.85656214733318217e-03 5.85656214733318217e-03 5.43607652378287935e-05 5.43607652378287935e-05 4.93713729130214353e-18 2.05232304284375374e-22 0.00000000000000000e+00 0.00000000000000000e+00 7.47736003097965187e-06 9.58553611104056460e-06 1.73487076458046167e-04 6.26774339559969877e-05 2.17561109903722080e-07 1.41698710759657941e-04 1.41698710759657941e-04 1.12185402023437175e-04 8.95779866022685506e-04 4.45199559864966756e-05 5.07722501053816527e-03 5.07722501053816527e-03 3.64818571747108425e-03 3.64818571747108425e-03 4.13204421275146030e-04 1.92014436379145053e-05 3.67826584091312554e-09 6.26266580255474553e-05 1.74220102101222199e-03 1.47594956323693002e-03 0.00000000000000000e+00 0.00000000000000000e+00 0.00000000000000000e+00 0.00000000000000000e+00 5.31466715595552003e-02 1.69746442538021791e-01 1.05118023927682408e-01 1.05118023927682408e-01 2.94725500866152901e-01 2.94725500866152901e-01 4.51352213671404670e-02 4.51352213671404670e-02 1.60770491418838236e-02 5.93835738383943421e-02 7.78154951948014078e-03 7.78154951948014078e-03 0.00000000000000000e+00 0.00000000000000000e+00 0.00000000000000000e+00 0.00000000000000000e+00 2.85728787893899938e-01 1.00000000000000000e+00 1.00000000000000000e+00 3.79280544712710221e-01 3.42046101725870170e-04 2.50622403975227660e-04 
1.75119761351232016e-17 1.75119761351232016e-17 9.71444624512662904e-17 0.00000000000000000e+00 0.00000000000000000e+00 0.00000000000000000e+00 0.00000000000000000e+00 0.00000000000000000e+00 0.00000000000000000e+00 0.00000000000000000e+00 0.00000000000000000e+00 1.59775412844949712e-16 1.59775412844949712e-16 2.23147559947359383e-19 3.91393193447792446e-18 1.00521881149048609e-18 1.25529216419208069e-17 1.25529216419208069e-17 6.82881132703065646e-19 6.82881132703065646e-19 1.00000000000000000e+00 1.26510808500658946e-06 0.00000000000000000e+00 0.00000000000000000e+00 1.35373012950677955e-16 5.78996124179204562e-18 2.49363930034807729e-17 8.65029808491490638e-18 2.62343779933578250e-19 8.84212364148750525e-18 8.84212364148750525e-18 6.34685563840081084e-18 3.64252825928522118e-18 9.24047111177885142e-20 4.75344246109984547e-17 4.75344246109984547e-17 3.20824674624071615e-17 3.20824674624071615e-17 3.83108770045815136e-18 8.04068890776010258e-19 1.46687076787149355e-22 1.23407124556130196e-19 2.21319867287423037e-18 1.21206731427092875e-18 0.00000000000000000e+00 0.00000000000000000e+00 0.00000000000000000e+00 0.00000000000000000e+00 1.25863833148735208e-17 2.86709887716200149e-17 9.17279715591606389e-19 9.17279715591606389e-19 1.25535529801625015e-17 1.25535529801625015e-17 1.35817669805214892e-18 1.35817669805214892e-18 2.74752212474474370e-19 1.77183767996247495e-18 2.23062301647893929e-19 2.23062301647893929e-19 0.00000000000000000e+00 0.00000000000000000e+00 0.00000000000000000e+00 0.00000000000000000e+00 1.52945368500745993e-20 5.71613207026238746e-20 2.95608713141591476e-20 1.01170813817637028e-20 2.98533284721398970e-21 1.60757004632896838e-21 
0.00000000000000000e+00 0.00000000000000000e+00 0.00000000000000000e+00 1.00000000000000000e+00 0.00000000000000000e+00 0.00000000000000000e+00 0.00000000000000000e+00 0.00000000000000000e+00 0.00000000000000000e+00 0.00000000000000000e+00 0.00000000000000000e+00 0.00000000000000000e+00 0.00000000000000000e+00 0.00000000000000000e+00 0.00000000000000000e+00 0.00000000000000000e+00 0.00000000000000000e+00 0.00000000000000000e+00 0.00000000000000000e+00 0.00000000000000000e+00 0.00000000000000000e+00 0.00000000000000000e+00 0.00000000000000000e+00 0.00000000000000000e+00 0.00000000000000000e+00 0.00000000000000000e+00 0.00000000000000000e+00 0.00000000000000000e+00 0.00000000000000000e+00 0.00000000000000000e+00 0.00000000000000000e+00 0.00000000000000000e+00 0.00000000000000000e+00 0.00000000000000000e+00 0.00000000000000000e+00 0.00000000000000000e+00 0.00000000000000000e+00 0.00000000000000000e+00 0.00000000000000000e+00 0.00000000000000000e+00 0.00000000000000000e+00 0.00000000000000000e+00 0.00000000000000000e+00 0.00000000000000000e+00 0.00000000000000000e+00 0.00000000000000000e+00 0.00000000000000000e+00 0.00000000000000000e+00 0.00000000000000000e+00 0.00000000000000000e+00 0.00000000000000000e+00 0.00000000000000000e+00 0.00000000000000000e+00 0.00000000000000000e+00 0.00000000000000000e+00 0.00000000000000000e+00 0.00000000000000000e+00 0.00000000000000000e+00 0.00000000000000000e+00 0.00000000000000000e+00 0.00000000000000000e+00 0.00000000000000000e+00 0.00000000000000000e+00 0.00000000000000000e+00 0.00000000000000000e+00 0.00000000000000000e+00 0.00000000000000000e+00 0.00000000000000000e+00 0.00000000000000000e+00 0.00000000000000000e+00 
0.00000000000000000e+00 0.00000000000000000e+00 0.00000000000000000e+00 0.00000000000000000e+00 0.00000000000000000e+00 0.00000000000000000e+00 0.00000000000000000e+00 0.00000000000000000e+00 0.00000000000000000e+00 0.00000000000000000e+00 0.00000000000000000e+00 0.00000000000000000e+00 0.00000000000000000e+00 0.00000000000000000e+00 0.00000000000000000e+00 0.00000000000000000e+00 0.00000000000000000e+00 0.00000000000000000e+00 0.00000000000000000e+00 0.00000000000000000e+00 0.00000000000000000e+00 0.00000000000000000e+00 0.00000000000000000e+00 0.00000000000000000e+00 0.00000000000000000e+00 0.00000000000000000e+00 0.00000000000000000e+00 0.00000000000000000e+00 0.00000000000000000e+00 0.00000000000000000e+00 0.00000000000000000e+00 0.00000000000000000e+00 0.00000000000000000e+00 0.00000000000000000e+00 0.00000000000000000e+00 0.00000000000000000e+00 0.00000000000000000e+00 0.00000000000000000e+00 0.00000000000000000e+00 0.00000000000000000e+00 0.00000000000000000e+00 0.00000000000000000e+00 0.00000000000000000e+00 0.00000000000000000e+00 0.00000000000000000e+00 0.00000000000000000e+00 0.00000000000000000e+00 0.00000000000000000e+00 0.00000000000000000e+00 0.00000000000000000e+00 0.00000000000000000e+00 0.00000000000000000e+00 0.00000000000000000e+00 0.00000000000000000e+00 0.00000000000000000e+00 0.00000000000000000e+00 0.00000000000000000e+00 0.00000000000000000e+00 0.00000000000000000e+00 0.00000000000000000e+00 1.00000000000000000e+00 0.00000000000000000e+00 0.00000000000000000e+00 0.00000000000000000e+00 0.00000000000000000e+00 0.00000000000000000e+00 0.00000000000000000e+00 0.00000000000000000e+00 0.00000000000000000e+00 0.00000000000000000e+00 
0.00000000000000000e+00 0.00000000000000000e+00 0.00000000000000000e+00 0.00000000000000000e+00 0.00000000000000000e+00 0.00000000000000000e+00 0.00000000000000000e+00 1.00000000000000000e+00 0.00000000000000000e+00 0.00000000000000000e+00 0.00000000000000000e+00 0.00000000000000000e+00 0.00000000000000000e+00 0.00000000000000000e+00 0.00000000000000000e+00 0.00000000000000000e+00 0.00000000000000000e+00 0.00000000000000000e+00 0.00000000000000000e+00 0.00000000000000000e+00 0.00000000000000000e+00 0.00000000000000000e+00 0.00000000000000000e+00 0.00000000000000000e+00 0.00000000000000000e+00 0.00000000000000000e+00 0.00000000000000000e+00 0.00000000000000000e+00 0.00000000000000000e+00 0.00000000000000000e+00 0.00000000000000000e+00 0.00000000000000000e+00 0.00000000000000000e+00 0.00000000000000000e+00 0.00000000000000000e+00 0.00000000000000000e+00 0.00000000000000000e+00 0.00000000000000000e+00 0.00000000000000000e+00 0.00000000000000000e+00 0.00000000000000000e+00 0.00000000000000000e+00 0.00000000000000000e+00 0.00000000000000000e+00 0.00000000000000000e+00 0.00000000000000000e+00 0.00000000000000000e+00 0.00000000000000000e+00 0.00000000000000000e+00 0.00000000000000000e+00 0.00000000000000000e+00 0.00000000000000000e+00 0.00000000000000000e+00 0.00000000000000000e+00 0.00000000000000000e+00 0.00000000000000000e+00 0.00000000000000000e+00 0.00000000000000000e+00 0.00000000000000000e+00 0.00000000000000000e+00 0.00000000000000000e+00 0.00000000000000000e+00 0.00000000000000000e+00 0.00000000000000000e+00 0.00000000000000000e+00 0.00000000000000000e+00 0.00000000000000000e+00 0.00000000000000000e+00 0.00000000000000000e+00 0.00000000000000000e+00 
2.06758904120691797e-02 2.06758904120691797e-02 6.04178793714954545e-06 0.00000000000000000e+00 0.00000000000000000e+00 0.00000000000000000e+00 0.00000000000000000e+00 0.00000000000000000e+00 0.00000000000000000e+00 0.00000000000000000e+00 0.00000000000000000e+00 9.06793599892008473e-02 9.06793599892008473e-02 1.16501635833036413e-03 3.64680443256069637e-04 3.35437872097716871e-05 9.40065274643905012e-03 9.40065274643905012e-03 1.77315610751165590e-04 1.77315610751165590e-04 1.60721057190592999e-18 1.49297160551248523e-20 0.00000000000000000e+00 0.00000000000000000e+00 9.78153149654662352e-02 3.08670793815081050e-02 1.54206948257299588e-02 7.14167038699854966e-03 7.56073750588188292e-03 1.01082781286795185e-02 1.01082781286795185e-02 6.01121996793448424e-03 2.64250807002809661e-03 7.43111502647649920e-06 9.11296606017585886e-02 9.11296606017585886e-02 7.38236467704444510e-02 7.38236467704444510e-02 9.39860631722610057e-02 2.65436767734893553e-01 6.34528328587030233e-01 1.00000000000000000e+00 7.54769920645492864e-01 5.89851045837623711e-01 0.00000000000000000e+00 0.00000000000000000e+00 0.00000000000000000e+00 0.00000000000000000e+00 2.05718914317439818e-04 1.48977977624173354e-04 1.16039649113267524e-06 1.16039649113267524e-06 7.51291690247331460e-06 7.51291690247331460e-06 2.74164782932189274e-06 2.74164782932189274e-06 8.32220354057568896e-07 9.44207418874023792e-06 6.57330061073509724e-06 6.57330061073509724e-06 0.00000000000000000e+00 0.00000000000000000e+00 0.00000000000000000e+00 0.00000000000000000e+00 3.47929804330745891e-11 8.28053420793517163e-11 8.05106838890318297e-11 3.34270955589570153e-11 2.37717374513963101e-13 2.63630352215103760e-13 
4.76029073750473888e-02 4.76029073750473888e-02 2.41667131038324860e-05 0.00000000000000000e+00 0.00000000000000000e+00 0.00000000000000000e+00 0.00000000000000000e+00 0.00000000000000000e+00 0.00000000000000000e+00 0.00000000000000000e+00 0.00000000000000000e+00 3.76725401467085275e-01 3.76725401467085275e-01 5.17731520214403072e-03 1.62432804540780574e-03 1.49409787416645727e-04 1.53852087374256857e-02 1.53852087374256857e-02 2.85445901222357648e-04 2.85445901222357648e-04 1.43118328016214678e-17 8.88804505043845481e-20 0.00000000000000000e+00 0.00000000000000000e+00 9.76536686020933575e-01 1.00000000000000000e+00 7.05353260318259401e-01 3.28184332516678223e-01 9.11373038248127210e-02 1.07373141437240013e-01 1.07373141437240013e-01 6.37067497265920851e-02 6.89864794822784861e-03 1.58317204442135620e-05 1.70713971769213962e-01 1.70713971769213962e-01 1.37913696837155653e-01 1.37913696837155653e-01 1.30766202483940774e-01 2.95535540004470576e-01 2.29714262781297480e-02 2.90545917098148192e-02 1.03077682035115706e-02 7.61322023716409953e-03 0.00000000000000000e+00 0.00000000000000000e+00 0.00000000000000000e+00 0.00000000000000000e+00 6.90153847943769606e-05 5.48860641769460274e-05 1.02621646307841674e-06 1.02621646307841674e-06 6.05942832772688123e-06 6.05942832772688123e-06 1.81848776125972847e-06 1.81848776125972847e-06 5.53637276125584908e-07 6.50997710476502606e-06 4.81740271894713926e-06 4.81740271894713926e-06 0.00000000000000000e+00 0.00000000000000000e+00 0.00000000000000000e+00 0.00000000000000000e+00 3.19580773991570904e-11 7.61588656252117054e-11 7.41625936959846329e-11 3.07928602048533864e-11 2.30120289923549729e-13 2.57026071463940582e-13 
3.48254456594373762e-02 3.48254456594373762e-02 1.20835027843660287e-05 0.00000000000000000e+00 0.00000000000000000e+00 0.00000000000000000e+00 0.00000000000000000e+00 0.00000000000000000e+00 0.00000000000000000e+00 0.00000000000000000e+00 0.00000000000000000e+00 1.85245739770400042e-01 1.85245739770400042e-01 2.41030133463202186e-03 7.55019913924328038e-04 6.94480072229979462e-05 1.34500171483720610e-02 1.34500171483720610e-02 2.51091565769968254e-04 2.51091565769968254e-04 5.50175682444279160e-18 8.02073661138901406e-20 0.00000000000000000e+00 0.00000000000000000e+00 2.44470841881469836e-01 8.72169717633650837e-02 4.43240277780241401e-02 2.05314356228473889e-02 2.71942794801323003e-02 3.73586452067103392e-02 3.73586452067103392e-02 2.22285227916840140e-02 3.38919934222152164e-02 3.64049000275006604e-04 5.57538895019234260e-01 5.57538895019234260e-01 4.58987646677498140e-01 4.58987646677498140e-01 6.44524189336365794e-01 1.00000000000000000e+00 3.50923524974169967e-02 4.42243477483149627e-02 1.55679568132850756e-02 1.14940070548398311e-02 0.00000000000000000e+00 0.00000000000000000e+00 0.00000000000000000e+00 0.00000000000000000e+00 8.86523576128911271e-05 6.95224581310533330e-05 1.07643242010528794e-06 1.07643242010528794e-06 6.53993391311525021e-06 6.53993391311525021e-06 2.04842190396756287e-06 2.04842190396756287e-06 6.23172241779776219e-07 7.26164248107934614e-06 5.28828306750910950e-06 5.28828306750910950e-06 0.00000000000000000e+00 0.00000000000000000e+00 0.00000000000000000e+00 0.00000000000000000e+00 3.28502819232907237e-11 7.82525457627936008e-11 7.61643919594622312e-11 3.16235626112373178e-11 2.32598116537402896e-13 2.59190424099733530e-13 
5.47820663894571253e-03 5.47820663894571253e-03 1.08724813550803505e-04 0.00000000000000000e+00 0.00000000000000000e+00 0.00000000000000000e+00 0.00000000000000000e+00 0.00000000000000000e+00 0.00000000000000000e+00 0.00000000000000000e+00 0.00000000000000000e+00 5.73675022852956906e-01 5.73675022852956906e-01 1.00000000000000000e+00 7.50625669667982387e-01 6.95956644830165450e-02 7.34826274045468990e-04 7.34826274045468990e-04 1.31055810972431839e-05 1.31055810972431839e-05 3.83916439009584748e-17 6.24296684676980748e-19 0.00000000000000000e+00 0.00000000000000000e+00 7.88033459941055892e-01 1.41335581164131224e-01 6.98634225454389662e-02 3.23541727327385786e-02 9.09465878614155732e-02 6.16771274473254874e-02 6.16771274473254874e-02 3.63156938937937712e-02 3.04049594954192170e-04 4.86095944066999667e-07 4.63969883390003349e-03 4.63969883390003349e-03 3.71488856051203171e-03 3.71488856051203171e-03 1.59749969492798760e-03 1.80834583913023388e-03 2.28276195465798327e-04 2.90092005555634390e-04 1.03921869338651152e-04 7.67908799827945744e-05 0.00000000000000000e+00 0.00000000000000000e+00 0.00000000000000000e+00 0.00000000000000000e+00 7.42250968033782516e-07 5.84193417178162580e-07 8.54605025647434550e-09 8.54605025647434550e-09 5.41058320258678644e-08 5.41058320258678644e-08 1.44461167536764513e-08 1.44461167536764513e-08 4.38020642071526999e-09 4.90348048076593411e-08 3.26834099096962497e-08 3.26834099096962497e-08 0.00000000000000000e+00 0.00000000000000000e+00 0.00000000000000000e+00 0.00000000000000000e+00 8.00278763697447149e-14 1.88103524771835240e-13 1.80192410258775806e-13 7.47801668878118870e-14 2.37494849000672883e-16 2.09364416584134049e-16 
1.77083653040214888e-03 1.77083653040214888e-03 5.43707946390009929e-06 0.00000000000000000e+00 0.00000000000000000e+00 0.00000000000000000e+00 0.00000000000000000e+00 0.00000000000000000e+00 0.00000000000000000e+00 0.00000000000000000e+00 0.00000000000000000e+00 8.04274498472170862e-02 8.04274498472170862e-02 1.92693401437342643e-03 6.11944054199174345e-04 5.62920993656775877e-05 2.51854920350300018e-04 2.51854920350300018e-04 4.43710575318531329e-06 4.43710575318531329e-06 1.04318359744425687e-17 5.68580477896848146e-20 0.00000000000000000e+00 0.00000000000000000e+00 4.19286977928081839e-01 1.92269659298117623e-01 1.07302683512139521e-01 4.97607821578167075e-02 8.93909296357867422e-01 8.72916383788150951e-01 8.72916383788150951e-01 5.18298221972775974e-01 1.65491598181042665e-03 2.67180356675341294e-06 2.14837821995522635e-02 2.14837821995522635e-02 1.73439423159954288e-02 1.73439423159954288e-02 1.19005188841781063e-02 2.05338146228291434e-02 3.63801463262467797e-04 4.53740713535829871e-04 1.56139630440829550e-04 1.15150811774124897e-04 0.00000000000000000e+00 0.00000000000000000e+00 0.00000000000000000e+00 0.00000000000000000e+00 4.47242202565961495e-07 3.21265073397340123e-07 1.25747775036957416e-09 1.25747775036957416e-09 1.00389805593064231e-08 1.00389805593064231e-08 3.03267168739379037e-09 3.03267168739379037e-09 9.11883174309887803e-10 9.23072152457205585e-09 5.05828573059091231e-09 5.05828573059091231e-09 0.00000000000000000e+00 0.00000000000000000e+00 0.00000000000000000e+00 0.00000000000000000e+00 3.13533980726044880e-15 7.25101845809845268e-15 6.81397900191485071e-15 2.82618437193239299e-15 3.47835415784958189e-18 2.38769909285941573e-18 
1.14904069825983224e-01 1.14904069825983224e-01 5.61631635788751610e-07 0.00000000000000000e+00 0.00000000000000000e+00 0.00000000000000000e+00 0.00000000000000000e+00 0.00000000000000000e+00 0.00000000000000000e+00 0.00000000000000000e+00 0.00000000000000000e+00 2.73736306661601309e-03 2.73736306661601309e-03 4.49556780857188415e-04 1.41890999724853450e-04 1.20213651249140484e-05 7.67145779554841700e-02 7.67145779554841700e-02 5.29769674935173188e-03 5.29769674935173188e-03 2.89561265052997768e-17 1.35302749274345147e-20 0.00000000000000000e+00 0.00000000000000000e+00 6.54773780218038167e-04 1.04493003845201587e-02 1.40281641360276259e-02 5.96650151697087835e-03 3.35700180844358980e-05 8.63011109707616762e-03 8.63011109707616762e-03 5.76388176700647417e-03 6.89947163144453701e-02 9.59173654124088892e-03 1.89456194511342907e-01 1.89456194511342907e-01 1.25333576227209170e-01 1.25333576227209170e-01 1.17512432423957820e-02 6.11469246414829957e-04 1.09635804716498681e-04 2.36784803303993893e-03 1.15272075085034124e-02 1.44914632459658098e-02 0.00000000000000000e+00 0.00000000000000000e+00 0.00000000000000000e+00 0.00000000000000000e+00 3.80687404316521205e-01 8.33397478256961532e-01 4.94968532275074424e-01 4.94968532275074424e-01 9.17391900430344132e-01 9.17391900430344132e-01 2.02259974326049141e-01 2.02259974326049141e-01 2.11104050035322482e-01 4.20228188283654991e-01 7.31045639211621440e-03 7.31045639211621440e-03 0.00000000000000000e+00 0.00000000000000000e+00 0.00000000000000000e+00 0.00000000000000000e+00 2.66364925476501244e-02 4.03090979714151310e-02 2.00295961841125067e-02 1.08252647451828714e-02 5.87678465547604597e-04 4.52479697438172633e-04 
6.37725099015583764e-03 6.37725099015583764e-03 2.40437969838689440e-08 0.00000000000000000e+00 0.00000000000000000e+00 0.00000000000000000e+00 0.00000000000000000e+00 0.00000000000000000e+00 0.00000000000000000e+00 0.00000000000000000e+00 0.00000000000000000e+00 8.49646258302058090e-05 8.49646258302058090e-05 9.85999702504026471e-06 5.48125916954940584e-06 4.90255906648261018e-07 1.39573480401355265e-02 1.39573480401355265e-02 3.57472052989093049e-04 3.57472052989093049e-04 4.04001374939497181e-19 5.24701220732614260e-21 0.00000000000000000e+00 0.00000000000000000e+00 4.21558272861760047e-06 5.12812916920641243e-05 1.11400977031219164e-04 4.78882362276539198e-05 5.06638401222259869e-07 2.06068175408552381e-04 2.06068175408552381e-04 1.40068610171172379e-04 3.92640250422252642e-03 2.38463504581268732e-04 1.16312386452149495e-02 1.16312386452149495e-02 7.70866652690855528e-03 7.70866652690855528e-03 5.25641351328261816e-04 8.10356084026742952e-05 1.31521586924240600e-05 4.06307356980336145e-04 1.65401169672818463e-03 2.16270264941433683e-03 0.00000000000000000e+00 0.00000000000000000e+00 0.00000000000000000e+00 0.00000000000000000e+00 1.23788585634832929e-01 2.86267837414145632e-01 3.07934249354346490e-01 3.07934249354346490e-01 6.33265674962316449e-01 6.33265674962316449e-01 4.63670753612878184e-01 4.63670753612878184e-01 4.94499615249537672e-01 1.00000000000000000e+00 3.91303443429688591e-02 3.91303443429688591e-02 0.00000000000000000e+00 0.00000000000000000e+00 0.00000000000000000e+00 0.00000000000000000e+00 5.39959196513742634e-02 7.54782528766641536e-02 3.34439423655904719e-02 1.80650292288890950e-02 7.95288488198289960e-04 1.22637995215979338e-03 
1.78407893552986370e-02 1.78407893552986370e-02 5.23507197751922985e-10 0.00000000000000000e+00 0.00000000000000000e+00 0.00000000000000000e+00 0.00000000000000000e+00 0.00000000000000000e+00 0.00000000000000000e+00 0.00000000000000000e+00 0.00000000000000000e+00 6.01214864716624687e-05 6.01214864716624687e-05 1.53787101979153512e-04 2.48890460336141043e-04 2.08897851878292106e-05 1.03780528599441035e-01 1.03780528599441035e-01 2.96992211847679028e-03 2.96992211847679028e-03 1.37423457869162607e-17 7.31955492334357971e-22 0.00000000000000000e+00 0.00000000000000000e+00 1.79467089841718749e-04 1.44943031508464604e-02 3.07831883282644846e-02 1.03912382681181342e-02 6.85499492901740396e-05 2.64937633162026370e-02 2.64937633162026370e-02 1.25975321317409860e-02 4.02876230491412246e-01 5.60481754589827255e-02 1.00000000000000000e+00 1.00000000000000000e+00 5.43034279256417451e-01 5.43034279256417451e-01 6.93251882494587135e-02 1.97036495896570855e-03 4.80189402281573958e-05 1.24704134881493587e-03 1.82176030267840877e-02 1.51020670120793621e-02 0.00000000000000000e+00 0.00000000000000000e+00 0.00000000000000000e+00 0.00000000000000000e+00 1.52237634885222101e-02 3.69108412319519921e-02 1.00912736068533918e-02 1.00912736068533918e-02 4.86562404631032432e-03 4.86562404631032432e-03 2.32870422855450426e-01 2.32870422855450426e-01 2.26437084957006263e-01 1.12985050172453041e-01 1.20094970140590410e-01 1.20094970140590410e-01 0.00000000000000000e+00 0.00000000000000000e+00 0.00000000000000000e+00 0.00000000000000000e+00 3.14187365877995968e-06 1.75302633825627641e-07 1.15603820083424116e-06 2.92452111421060273e-07 1.38702181224858622e-07 7.86619851230119927e-07 
2.21678316637704334e-02 2.21678316637704334e-02 5.46200680790047509e-10 0.00000000000000000e+00 0.00000000000000000e+00 0.00000000000000000e+00 0.00000000000000000e+00 0.00000000000000000e+00 0.00000000000000000e+00 0.00000000000000000e+00 0.00000000000000000e+00 5.93021205162318842e-05 5.93021205162318842e-05 1.50269410948426812e-04 2.42875684982483855e-04 2.03848002870376514e-05 1.50952562195137557e-01 1.50952562195137557e-01 4.41292505541496065e-03 4.41292505541496065e-03 1.30239295322866816e-17 4.09239841787112716e-21 0.00000000000000000e+00 0.00000000000000000e+00 1.29602053921976703e-04 8.98811907442221940e-03 1.87280934379844104e-02 6.32054387434294838e-03 3.37479765922228959e-05 1.27655370436589415e-02 1.27655370436589415e-02 6.06735619331885689e-03 1.17796141993677855e-01 1.43619901101670645e-02 2.47942495922391148e-01 2.47942495922391148e-01 1.34058606992595586e-01 1.34058606992595586e-01 1.25462726626602329e-02 2.84631090670287663e-04 6.42521199227564951e-08 2.24183422865255878e-06 5.55698744649430799e-05 4.71322196501807161e-05 0.00000000000000000e+00 0.00000000000000000e+00 0.00000000000000000e+00 0.00000000000000000e+00 4.08703232988533085e-03 1.28652155307145809e-02 7.68140692121265511e-02 7.68140692121265511e-02 2.39341139786825412e-02 2.39341139786825412e-02 9.04028400638471230e-01 9.04028400638471230e-01 8.96733322692315205e-01 5.68795449400233522e-01 9.67803147976729172e-01 9.67803147976729172e-01 0.00000000000000000e+00 0.00000000000000000e+00 0.00000000000000000e+00 0.00000000000000000e+00 1.62231348791624084e-03 9.76558655057005150e-05 7.06289769833224647e-04 1.79180848430996441e-04 3.52710489055641473e-04 9.84967955449698312e-04 
4.94880063449863072e-01 4.94880063449863072e-01 1.00000000000000000e+00 0.00000000000000000e+00 0.00000000000000000e+00 0.00000000000000000e+00 0.00000000000000000e+00 0.00000000000000000e+00 0.00000000000000000e+00 0.00000000000000000e+00 0.00000000000000000e+00 2.23530126982191719e-02 2.23530126982191719e-02 1.80372796154827514e-02 1.42447595668815773e-02 1.23519322930869214e-03 1.00000000000000000e+00 1.00000000000000000e+00 3.77648284779842427e-02 3.77648284779842427e-02 1.53796660577143977e-17 9.35316392191313525e-19 0.00000000000000000e+00 0.00000000000000000e+00 1.19477744228650793e-02 2.06529749501708181e-02 5.72148414943897121e-02 1.77585105305945457e-02 4.78731621380285206e-04 1.39139267622495413e-02 1.39139267622495413e-02 4.92730810999060347e-03 7.90729825178436755e-04 1.81074170006578566e-04 1.87509068242708660e-01 1.87509068242708660e-01 1.08219407049740118e-01 1.08219407049740118e-01 2.37061864908521373e-02 3.67230430858900324e-03 4.90273504049863534e-04 1.74971840102811148e-03 5.54341927023812697e-03 4.65099682911074893e-03 0.00000000000000000e+00 0.00000000000000000e+00 0.00000000000000000e+00 0.00000000000000000e+00 5.22857668722867715e-03 1.49477031712526142e-02 4.12617142137990068e-04 4.12617142137990068e-04 1.20929434634020811e-03 1.20929434634020811e-03 6.60562811724321047e-03 6.60562811724321047e-03 6.38548119726396832e-03 2.40231625826532284e-02 2.63465612796690701e-02 2.63465612796690701e-02 0.00000000000000000e+00 0.00000000000000000e+00 0.00000000000000000e+00 0.00000000000000000e+00 6.93153849123735813e-07 2.09406926099152944e-06 3.60465547200227308e-05 1.57451605475051702e-05 3.09034271467875166e-06 5.37548702198257502e-06 
5.22756454453328745e-01 5.22756454453328745e-01 3.49596920124782470e-05 0.00000000000000000e+00 0.00000000000000000e+00 0.00000000000000000e+00 0.00000000000000000e+00 0.00000000000000000e+00 0.00000000000000000e+00 0.00000000000000000e+00 0.00000000000000000e+00 1.00000000000000000e+00 1.00000000000000000e+00 1.37057891087852837e-04 4.66291089249876923e-05 4.01198652604369453e-06 9.94796951651103045e-01 9.94796951651103045e-01 3.75227383907838913e-02 3.75227383907838913e-02 1.54251151603913349e-17 1.23505829315978951e-19 0.00000000000000000e+00 0.00000000000000000e+00 5.12063780216823417e-01 8.17527986304092402e-03 1.44870737196619599e-02 4.47600795388514421e-03 1.90783332962458953e-02 1.13155235717935874e-02 1.13155235717935874e-02 3.92956701753977272e-03 1.39073215263358464e-04 7.22168167235596585e-06 9.08032725178345851e-02 9.08032725178345851e-02 5.19572426270334814e-02 5.19572426270334814e-02 3.11174822892313629e-02 1.65367835747547348e-01 1.82817071432414650e-02 1.03776030383033926e-02 4.33240783868428080e-03 3.34174140113582298e-03 0.00000000000000000e+00 0.00000000000000000e+00 0.00000000000000000e+00 0.00000000000000000e+00 7.89227696967092530e-03 2.15953540627807604e-02 1.87444409407465287e-03 1.87444409407465287e-03 2.61139452535616261e-03 2.61139452535616261e-03 6.72637412383124585e-03 6.72637412383124585e-03 6.51338987030443406e-03 2.48222124624678554e-02 2.88743270821048489e-02 2.88743270821048489e-02 0.00000000000000000e+00 0.00000000000000000e+00 0.00000000000000000e+00 0.00000000000000000e+00 1.74891143981467187e-05 2.08623957408488004e-05 8.11623847071651244e-05 3.74393372592454995e-05 2.11127373812788605e-05 5.30162316234878545e-05 
4.84055538354497775e-03 4.84055538354497775e-03 2.86694124805525745e-09 0.00000000000000000e+00 0.00000000000000000e+00 0.00000000000000000e+00 0.00000000000000000e+00 0.00000000000000000e+00 0.00000000000000000e+00 0.00000000000000000e+00 0.00000000000000000e+00 2.74849084422864902e-05 2.74849084422864902e-05 6.24012837221200386e-07 1.45336224206262090e-06 1.40978346365226490e-07 4.15078814473310385e-03 4.15078814473310385e-03 3.34212136528647130e-04 3.34212136528647130e-04 2.35239464694075651e-19 2.66589151730680009e-22 0.00000000000000000e+00 0.00000000000000000e+00 1.35909188658759065e-05 2.17803152221957399e-04 3.78734870727117452e-04 1.62313010333762440e-04 8.70700763952677222e-07 2.90747315221044742e-04 2.90747315221044742e-04 1.96336771922908757e-04 3.44187262538571794e-03 3.79285932113676430e-04 9.97964974584880822e-03 9.97964974584880822e-03 6.60469541097308526e-03 6.60469541097308526e-03 6.02051041182704205e-04 4.64479521070092655e-05 1.10034931414382694e-05 2.53202766843679491e-04 1.20672900344578654e-03 1.52743874854812073e-03 0.00000000000000000e+00 0.00000000000000000e+00 0.00000000000000000e+00 0.00000000000000000e+00 6.09559775379429486e-02 1.39791251909831965e-01 1.59445052121504699e-01 1.59445052121504699e-01 2.70844910388242210e-01 2.70844910388242210e-01 7.35749917385796065e-02 7.35749917385796065e-02 7.75502286988915962e-02 1.64571328063759903e-01 3.68773523730411834e-03 3.68773523730411834e-03 0.00000000000000000e+00 0.00000000000000000e+00 0.00000000000000000e+00 0.00000000000000000e+00 4.54203868829282764e-01 9.36604954852804483e-01 8.08198134066897445e-01 4.46644570614887382e-01 9.90351759621845235e-04 6.45007767280077866e-04 
0.00000000000000000e+00 0.00000000000000000e+00 0.00000000000000000e+00 0.00000000000000000e+00 0.00000000000000000e+00 0.00000000000000000e+00 0.00000000000000000e+00 0.00000000000000000e+00 0.00000000000000000e+00 0.00000000000000000e+00 0.00000000000000000e+00 0.00000000000000000e+00 0.00000000000000000e+00 0.00000000000000000e+00 0.00000000000000000e+00 0.00000000000000000e+00 0.00000000000000000e+00 0.00000000000000000e+00 0.00000000000000000e+00 0.00000000000000000e+00 0.00000000000000000e+00 0.00000000000000000e+00 1.00000000000000000e+00 0.00000000000000000e+00 0.00000000000000000e+00 0.00000000000000000e+00 0.00000000000000000e+00 0.00000000000000000e+00 0.00000000000000000e+00 0.00000000000000000e+00 0.00000000000000000e+00 0.00000000000000000e+00 0.00000000000000000e+00 0.00000000000000000e+00 0.00000000000000000e+00 0.00000000000000000e+00 0.00000000000000000e+00 0.00000000000000000e+00 0.00000000000000000e+00 0.00000000000000000e+00 0.00000000000000000e+00 0.00000000000000000e+00 0.00000000000000000e+00 0.00000000000000000e+00 0.00000000000000000e+00 0.00000000000000000e+00 0.00000000000000000e+00 0.00000000000000000e+00 0.00000000000000000e+00 0.00000000000000000e+00 0.00000000000000000e+00 0.00000000000000000e+00 0.00000000000000000e+00 0.00000000000000000e+00 0.00000000000000000e+00 0.00000000000000000e+00 0.00000000000000000e+00 0.00000000000000000e+00 0.00000000000000000e+00 0.00000000000000000e+00 0.00000000000000000e+00 0.00000000000000000e+00 0.00000000000000000e+00 0.00000000000000000e+00 0.00000000000000000e+00 0.00000000000000000e+00 0.00000000000000000e+00 0.00000000000000000e+00 0.00000000000000000e+00 0.00000000000000000e+00 
0.00000000000000000e+00 0.00000000000000000e+00 0.00000000000000000e+00 0.00000000000000000e+00 1.00000000000000000e+00 0.00000000000000000e+00 0.00000000000000000e+00 0.00000000000000000e+00 0.00000000000000000e+00 0.00000000000000000e+00 0.00000000000000000e+00 0.00000000000000000e+00 0.00000000000000000e+00 0.00000000000000000e+00 0.00000000000000000e+00 0.00000000000000000e+00 0.00000000000000000e+00 0.00000000000000000e+00 0.00000000000000000e+00 0.00000000000000000e+00 0.00000000000000000e+00 0.00000000000000000e+00 0.00000000000000000e+00 0.00000000000000000e+00 0.00000000000000000e+00 0.00000000000000000e+00 0.00000000000000000e+00 0.00000000000000000e+00 0.00000000000000000e+00 0.00000000000000000e+00 0.00000000000000000e+00 0.00000000000000000e+00 0.00000000000000000e+00 0.00000000000000000e+00 0.00000000000000000e+00 0.00000000000000000e+00 0.00000000000000000e+00 0.00000000000000000e+00 0.00000000000000000e+00 0.00000000000000000e+00 0.00000000000000000e+00 0.00000000000000000e+00 0.00000000000000000e+00 0.00000000000000000e+00 0.00000000000000000e+00 0.00000000000000000e+00 0.00000000000000000e+00 0.00000000000000000e+00 0.00000000000000000e+00 0.00000000000000000e+00 0.00000000000000000e+00 0.00000000000000000e+00 0.00000000000000000e+00 0.00000000000000000e+00 0.00000000000000000e+00 0.00000000000000000e+00 0.00000000000000000e+00 0.00000000000000000e+00 0.00000000000000000e+00 0.00000000000000000e+00 0.00000000000000000e+00 0.00000000000000000e+00 0.00000000000000000e+00 0.00000000000000000e+00 0.00000000000000000e+00 0.00000000000000000e+00 0.00000000000000000e+00 0.00000000000000000e+00 0.00000000000000000e+00 0.00000000000000000e+00 
0.00000000000000000e+00 0.00000000000000000e+00 0.00000000000000000e+00 0.00000000000000000e+00 0.00000000000000000e+00 0.00000000000000000e+00 0.00000000000000000e+00 0.00000000000000000e+00 0.00000000000000000e+00 0.00000000000000000e+00 0.00000000000000000e+00 0.00000000000000000e+00 0.00000000000000000e+00 0.00000000000000000e+00 0.00000000000000000e+00 0.00000000000000000e+00 0.00000000000000000e+00 0.00000000000000000e+00 0.00000000000000000e+00 0.00000000000000000e+00 0.00000000000000000e+00 0.00000000000000000e+00 0.00000000000000000e+00 0.00000000000000000e+00 0.00000000000000000e+00 0.00000000000000000e+00 0.00000000000000000e+00 0.00000000000000000e+00 0.00000000000000000e+00 0.00000000000000000e+00 0.00000000000000000e+00 0.00000000000000000e+00 0.00000000000000000e+00 0.00000000000000000e+00 0.00000000000000000e+00 0.00000000000000000e+00 0.00000000000000000e+00 0.00000000000000000e+00 0.00000000000000000e+00 0.00000000000000000e+00 0.00000000000000000e+00 0.00000000000000000e+00 0.00000000000000000e+00 0.00000000000000000e+00 0.00000000000000000e+00 0.00000000000000000e+00 0.00000000000000000e+00 0.00000000000000000e+00 0.00000000000000000e+00 0.00000000000000000e+00 0.00000000000000000e+00 0.00000000000000000e+00 0.00000000000000000e+00 0.00000000000000000e+00 0.00000000000000000e+00 0.00000000000000000e+00 0.00000000000000000e+00 0.00000000000000000e+00 0.00000000000000000e+00 0.00000000000000000e+00 0.00000000000000000e+00 1.00000000000000000e+00 0.00000000000000000e+00 0.00000000000000000e+00 0.00000000000000000e+00 0.00000000000000000e+00 0.00000000000000000e+00 0.00000000000000000e+00 0.00000000000000000e+00 0.00000000000000000e+00 
0.00000000000000000e+00 0.00000000000000000e+00 0.00000000000000000e+00 0.00000000000000000e+00 0.00000000000000000e+00 0.00000000000000000e+00 0.00000000000000000e+00 0.00000000000000000e+00 1.00000000000000000e+00 0.00000000000000000e+00 0.00000000000000000e+00 0.00000000000000000e+00 0.00000000000000000e+00 0.00000000000000000e+00 0.00000000000000000e+00 0.00000000000000000e+00 0.00000000000000000e+00 0.00000000000000000e+00 0.00000000000000000e+00 0.00000000000000000e+00 0.00000000000000000e+00 0.00000000000000000e+00 0.00000000000000000e+00 0.00000000000000000e+00 0.00000000000000000e+00 0.00000000000000000e+00 0.00000000000000000e+00 0.00000000000000000e+00 0.00000000000000000e+00 0.00000000000000000e+00 0.00000000000000000e+00 0.00000000000000000e+00 0.00000000000000000e+00 0.00000000000000000e+00 0.00000000000000000e+00 0.00000000000000000e+00 0.00000000000000000e+00 0.00000000000000000e+00 0.00000000000000000e+00 0.00000000000000000e+00 0.00000000000000000e+00 0.00000000000000000e+00 0.00000000000000000e+00 0.00000000000000000e+00 0.00000000000000000e+00 0.00000000000000000e+00 0.00000000000000000e+00 0.00000000000000000e+00 0.00000000000000000e+00 0.00000000000000000e+00 0.00000000000000000e+00 0.00000000000000000e+00 0.00000000000000000e+00 0.00000000000000000e+00 0.00000000000000000e+00 0.00000000000000000e+00 0.00000000000000000e+00 0.00000000000000000e+00 0.00000000000000000e+00 0.00000000000000000e+00 0.00000000000000000e+00 0.00000000000000000e+00 0.00000000000000000e+00 0.00000000000000000e+00 0.00000000000000000e+00 0.00000000000000000e+00 0.00000000000000000e+00 0.00000000000000000e+00 0.00000000000000000e+00 0.00000000000000000e+00 
1.25556322279322449e-02 1.25556322279322449e-02 6.04973121298305459e-06 0.00000000000000000e+00 0.00000000000000000e+00 0.00000000000000000e+00 0.00000000000000000e+00 0.00000000000000000e+00 0.00000000000000000e+00 0.00000000000000000e+00 0.00000000000000000e+00 9.09146239518901084e-02 9.09146239518901084e-02 6.05429061076079409e-04 4.85835294464711403e-04 4.21317151559111417e-05 1.11421553323217924e-02 1.11421553323217924e-02 3.93657894136230715e-04 3.93657894136230715e-04 2.13836327979154818e-19 1.32531994033687241e-20 0.00000000000000000e+00 0.00000000000000000e+00 1.00165530251630108e-01 8.43474909606052765e-03 2.18623712305129753e-02 6.78855632212858190e-03 8.27323781769068872e-03 1.15798927774856952e-02 1.15798927774856952e-02 4.08184770741405745e-03 5.12111721498261516e-04 1.02067384473004578e-04 1.45571959118782235e-01 1.45571959118782235e-01 8.51059400133515193e-02 8.51059400133515193e-02 7.23561356413975482e-02 2.48731393469240586e-01 6.63342832229417367e-01 5.66555983545032116e-01 1.00000000000000000e+00 8.60677657027734688e-01 0.00000000000000000e+00 0.00000000000000000e+00 0.00000000000000000e+00 0.00000000000000000e+00 4.74304666339320192e-04 8.66156816392538186e-04 4.73395927812777968e-07 4.73395927812777968e-07 1.49378571094446528e-06 1.49378571094446528e-06 6.01147846134792182e-06 6.01147846134792182e-06 5.64018771037859610e-06 1.46936443474039918e-05 8.15919863444123098e-06 8.15919863444123098e-06 0.00000000000000000e+00 0.00000000000000000e+00 0.00000000000000000e+00 0.00000000000000000e+00 2.56204621613454846e-11 2.86958046936968353e-11 1.03586608607926253e-10 4.76756494629467511e-11 6.49028469504049785e-13 6.05363600515861329e-13 
2.89073208490468365e-02 2.89073208490468365e-02 2.41984855715841189e-05 0.00000000000000000e+00 0.00000000000000000e+00 0.00000000000000000e+00 0.00000000000000000e+00 0.00000000000000000e+00 0.00000000000000000e+00 0.00000000000000000e+00 0.00000000000000000e+00 3.77702800412194450e-01 3.77702800412194450e-01 2.69051765609804603e-03 2.16396549045000429e-03 1.87661892962932944e-04 1.82353704786652956e-02 1.82353704786652956e-02 6.33717651192430495e-04 6.33717651192430495e-04 9.03985859834194092e-19 3.90520314646125465e-20 0.00000000000000000e+00 0.00000000000000000e+00 1.00000000000000000e+00 2.73260355857142478e-01 1.00000000000000000e+00 3.11957525985161577e-01 9.97257989738762202e-02 1.23005070616059323e-01 1.23005070616059323e-01 4.32593137009477033e-02 1.33694141442666586e-03 2.17450852467016275e-04 2.72701194707544892e-01 2.72701194707544892e-01 1.58990720771889693e-01 1.58990720771889693e-01 1.00671703493919171e-01 2.76935886886685578e-01 2.40145794619067120e-02 1.64610527826541085e-02 1.36568349129455036e-02 1.11087851795753419e-02 0.00000000000000000e+00 0.00000000000000000e+00 0.00000000000000000e+00 0.00000000000000000e+00 1.59121581823881090e-04 3.19107155100919202e-04 4.18655777010340206e-07 4.18655777010340206e-07 1.20479003961819478e-06 1.20479003961819478e-06 3.98731007385449567e-06 3.98731007385449567e-06 3.75215307520678740e-06 1.01307494914079975e-05 5.97966653487328805e-06 5.97966653487328805e-06 0.00000000000000000e+00 0.00000000000000000e+00 0.00000000000000000e+00 0.00000000000000000e+00 2.35329282779742860e-11 2.63924992856190875e-11 9.54190323307550200e-11 4.39185513375852865e-11 6.28286519781756607e-13 5.90198463682394980e-13 
2.11480849994494131e-02 2.11480849994494131e-02 1.20993892145228724e-05 0.00000000000000000e+00 0.00000000000000000e+00 0.00000000000000000e+00 0.00000000000000000e+00 0.00000000000000000e+00 0.00000000000000000e+00 0.00000000000000000e+00 0.00000000000000000e+00 1.85726352412746959e-01 1.85726352412746959e-01 1.25257166004848664e-03 1.00585410869094040e-03 8.72281844670248248e-05 1.59416781293538791e-02 1.59416781293538791e-02 5.57447686628440389e-04 5.57447686628440389e-04 2.31504638649231325e-19 2.43796921733520702e-20 0.00000000000000000e+00 0.00000000000000000e+00 2.50344759578473630e-01 2.38329407408398170e-02 6.28394738801179020e-02 1.95162755415878818e-02 2.97569835277123329e-02 4.27975071816039318e-02 4.27975071816039318e-02 1.50940150718869154e-02 6.56818697862073149e-03 5.00026296716762388e-03 8.90621436499723695e-01 8.90621436499723695e-01 5.29133642591106401e-01 5.29133642591106401e-01 4.96193564170364976e-01 9.37064580735356700e-01 3.66859278719139578e-02 2.50555688351852719e-02 2.06260959630889043e-02 1.67714122601436769e-02 0.00000000000000000e+00 0.00000000000000000e+00 0.00000000000000000e+00 0.00000000000000000e+00 2.04396504023235555e-04 4.04203037009743041e-04 4.39141903732059681e-07 4.39141903732059681e-07 1.30032848185066666e-06 1.30032848185066666e-06 4.49147553653270695e-06 4.49147553653270695e-06 4.22341078572550969e-06 1.13004822732854976e-05 6.56415316106571070e-06 6.56415316106571070e-06 0.00000000000000000e+00 0.00000000000000000e+00 0.00000000000000000e+00 0.00000000000000000e+00 2.41899197730448866e-11 2.71180543736694069e-11 9.79945848032869696e-11 4.51033469659315950e-11 6.35051612389622609e-13 5.95168378118614039e-13 
3.32669338312264031e-03 3.32669338312264031e-03 1.08867756170636347e-04 0.00000000000000000e+00 0.00000000000000000e+00 0.00000000000000000e+00 0.00000000000000000e+00 0.00000000000000000e+00 0.00000000000000000e+00 0.00000000000000000e+00 0.00000000000000000e+00 5.75163399671655418e-01 5.75163399671655418e-01 5.19674300490890806e-01 1.00000000000000000e+00 8.74136451484021360e-02 8.70955316417045856e-04 8.70955316417045856e-04 2.90956641328570413e-05 2.90956641328570413e-05 3.67273582920096519e-17 5.88894226355084896e-19 0.00000000000000000e+00 0.00000000000000000e+00 8.06967593883903156e-01 3.86214112003615134e-02 9.90474227153342462e-02 3.07544470590122229e-02 9.95171105504740888e-02 7.06563980156593580e-02 7.06563980156593580e-02 2.46597417270394415e-02 5.89240817284024138e-05 6.67659448499888018e-06 7.41152819489602696e-03 7.41152819489602696e-03 4.28262618827493762e-03 4.28262618827493762e-03 1.22985154082048964e-03 1.69453683549096847e-03 2.38642423358730488e-04 1.64353361518443223e-04 1.37686818845233030e-04 1.12048957322369769e-04 0.00000000000000000e+00 0.00000000000000000e+00 0.00000000000000000e+00 0.00000000000000000e+00 1.71133071981800320e-06 3.39649603539918262e-06 3.48645089905824036e-09 3.48645089905824036e-09 1.07578081596375462e-08 1.07578081596375462e-08 3.16753008097915295e-08 3.16753008097915295e-08 2.96858714160090921e-08 7.63073841653258226e-08 4.05687263186427531e-08 4.05687263186427531e-08 0.00000000000000000e+00 0.00000000000000000e+00 0.00000000000000000e+00 0.00000000000000000e+00 5.89300321975801992e-14 6.51863917480235302e-14 2.31839052575036881e-13 1.06655789748386930e-13 6.48420928900583907e-16 4.80754953354861118e-16 
1.07535742197090124e-03 1.07535742197090124e-03 5.44422769851333648e-06 0.00000000000000000e+00 0.00000000000000000e+00 0.00000000000000000e+00 0.00000000000000000e+00 0.00000000000000000e+00 0.00000000000000000e+00 0.00000000000000000e+00 0.00000000000000000e+00 8.06361156373801569e-02 8.06361156373801569e-02 1.00137808601099458e-03 8.15245306584840772e-04 7.07040824333557882e-05 2.98511892664451637e-04 2.98511892664451637e-04 9.85080613814695748e-06 9.85080613814695748e-06 6.02713856467293376e-18 6.80249230949590270e-20 0.00000000000000000e+00 0.00000000000000000e+00 4.29361214878853037e-01 5.25396755151320075e-02 1.52126160801872357e-01 4.73004008827296457e-02 9.78148519472742284e-01 1.00000000000000000e+00 1.00000000000000000e+00 3.51944267643932884e-01 3.20718745178868428e-04 3.66975885669578979e-05 3.43185329921942631e-02 3.43185329921942631e-02 1.99945759773083633e-02 1.99945759773083633e-02 9.16173663928641566e-03 1.92415103895579656e-02 3.80322015781135779e-04 2.57069516219702145e-04 2.06870499423200444e-04 1.68021624403832671e-04 0.00000000000000000e+00 0.00000000000000000e+00 0.00000000000000000e+00 0.00000000000000000e+00 1.03115974705101061e-06 1.86783266641791827e-06 5.13001246313964254e-10 5.13001246313964254e-10 1.99604040730123478e-09 1.99604040730123478e-09 6.64959238538625381e-09 6.64959238538625381e-09 6.18008468892398984e-09 1.43647398294160643e-08 6.27866584523875141e-09 6.27866584523875141e-09 0.00000000000000000e+00 0.00000000000000000e+00 0.00000000000000000e+00 0.00000000000000000e+00 2.30872532653008881e-15 2.51284045400801130e-15 8.76697818234286783e-15 4.03084559270329815e-15 9.49678547753141443e-18 5.48277584498627524e-18 
7.87705493481812360e-03 7.87705493481812360e-03 4.17055176805199394e-07 0.00000000000000000e+00 0.00000000000000000e+00 0.00000000000000000e+00 0.00000000000000000e+00 0.00000000000000000e+00 0.00000000000000000e+00 0.00000000000000000e+00 0.00000000000000000e+00 1.52100789423534918e-03 1.52100789423534918e-03 3.71082658388371066e-05 9.33971411532153877e-07 1.24574826922143316e-05 5.43623965776016908e-03 5.43623965776016908e-03 1.14048647586898672e-01 1.14048647586898672e-01 5.43287458566130072e-19 3.92753342592496694e-19 0.00000000000000000e+00 0.00000000000000000e+00 5.67210238064197979e-04 3.84183630941193352e-04 1.63451135260104987e-03 6.70241525095908574e-03 2.91349655566579885e-06 1.63244512705508537e-03 1.63244512705508537e-03 7.07563464256926941e-03 4.67058104948378690e-03 8.22917947336920634e-03 3.79038268780375609e-02 3.79038268780375609e-02 1.70143621736680350e-01 1.70143621736680350e-01 1.52123861916375665e-02 1.41232092376387345e-03 6.20016263035162561e-05 3.77406470833046540e-04 1.81303290586707390e-02 1.86147371552659868e-02 0.00000000000000000e+00 0.00000000000000000e+00 0.00000000000000000e+00 0.00000000000000000e+00 1.00000000000000000e+00 4.14360214144111894e-01 6.97670183153871637e-01 6.97670183153871637e-01 4.51331084955273576e-01 4.51331084955273576e-01 1.07688565687421176e-01 1.07688565687421176e-01 7.00101236255412512e-02 1.07817807367792159e-01 1.59790733110175449e-02 1.59790733110175449e-02 0.00000000000000000e+00 0.00000000000000000e+00 0.00000000000000000e+00 0.00000000000000000e+00 3.86147042318795500e-02 1.79688406649438186e-02 1.32876068676579546e-02 2.42362126746332521e-02 1.20231621736334188e-03 2.87168713151743250e-06 
1.39657381174103780e-03 1.39657381174103780e-03 1.64601981982399285e-08 0.00000000000000000e+00 0.00000000000000000e+00 0.00000000000000000e+00 0.00000000000000000e+00 0.00000000000000000e+00 0.00000000000000000e+00 0.00000000000000000e+00 0.00000000000000000e+00 4.65218771750255380e-05 4.65218771750255380e-05 1.93552033467575251e-06 2.52753512088715231e-07 2.38109599141454885e-06 1.32570963117089187e-04 1.32570963117089187e-04 2.91877640685035775e-03 2.91877640685035775e-03 4.38902655002737961e-20 6.60186379519538867e-20 0.00000000000000000e+00 0.00000000000000000e+00 2.72254761740923340e-06 3.19712393152764472e-06 1.60066866456785811e-05 6.61180046667722104e-05 1.35855728666518657e-08 4.20525425672276673e-05 4.20525425672276673e-05 1.83612880520140731e-04 2.65344754809611067e-04 5.03069876876498256e-04 1.82892462795105942e-03 1.82892462795105942e-03 9.56600368582385605e-03 9.56600368582385605e-03 1.12684062103893213e-03 1.25584649321341902e-04 1.17978001096703150e-05 5.59036446948486297e-05 2.88916363490642576e-03 2.98269215439385784e-03 0.00000000000000000e+00 0.00000000000000000e+00 0.00000000000000000e+00 0.00000000000000000e+00 3.41757055103505236e-01 1.55850412838835745e-01 4.36572766678576918e-01 4.36572766678576918e-01 3.02563615648017703e-01 3.02563615648017703e-01 2.46822790745634263e-01 2.46822790745634263e-01 5.15500769006389525e-02 2.73611080817609043e-01 7.07677115879239288e-02 7.07677115879239288e-02 0.00000000000000000e+00 0.00000000000000000e+00 0.00000000000000000e+00 0.00000000000000000e+00 7.84531998137818765e-02 3.34480673481673818e-02 2.23949492710210675e-02 4.07223757877269582e-02 1.65186883968647066e-03 2.53647111534916701e-06 
3.05227464714149452e-02 3.05227464714149452e-02 3.29620805728655867e-10 0.00000000000000000e+00 0.00000000000000000e+00 0.00000000000000000e+00 0.00000000000000000e+00 0.00000000000000000e+00 0.00000000000000000e+00 0.00000000000000000e+00 0.00000000000000000e+00 4.01962372897583781e-05 4.01962372897583781e-05 1.89734825154836247e-04 2.19511141591124648e-05 1.48097721435237208e-04 2.76382456122245502e-03 2.76382456122245502e-03 5.62646707311240113e-02 5.62646707311240113e-02 1.17448450290443495e-19 1.25730110507234690e-20 0.00000000000000000e+00 0.00000000000000000e+00 1.30638926874361176e-04 7.33811598805070298e-03 5.11049148467410293e-03 2.24829252070369717e-02 3.30264234153747953e-05 5.02355425329951630e-03 5.02355425329951630e-03 2.19467326608720863e-02 1.32146662405137616e-01 1.00000000000000000e+00 4.06017779913139393e-02 4.06017779913139393e-02 5.78915979380025592e-01 5.78915979380025592e-01 2.23624452101253646e-01 2.94769595588346804e-03 7.28482360718404659e-05 1.14810239890566633e-03 7.56708310966106371e-03 6.26786967643037842e-03 0.00000000000000000e+00 0.00000000000000000e+00 0.00000000000000000e+00 0.00000000000000000e+00 1.30903864421522798e-01 6.32000474303426596e-02 1.78115408379805086e-02 1.78115408379805086e-02 1.95780665911701700e-02 1.95780665911701700e-02 1.15330514200535764e-01 1.15330514200535764e-01 1.05347832238943867e-01 6.87816544984717476e-02 3.08837206386811114e-02 3.08837206386811114e-02 0.00000000000000000e+00 0.00000000000000000e+00 0.00000000000000000e+00 0.00000000000000000e+00 5.81321233077203425e-06 1.86791674085043918e-06 2.59880286202555965e-07 5.17612660970713206e-07 3.21622165570529162e-07 4.88408578497555009e-08 
3.79256260594393116e-02 3.79256260594393116e-02 3.43909518563293813e-10 0.00000000000000000e+00 0.00000000000000000e+00 0.00000000000000000e+00 0.00000000000000000e+00 0.00000000000000000e+00 0.00000000000000000e+00 0.00000000000000000e+00 0.00000000000000000e+00 3.96484226846047284e-05 3.96484226846047284e-05 1.85394874118154372e-04 2.14206357299580475e-05 1.44517640908149996e-04 4.02008358027029430e-03 4.02008358027029430e-03 8.36021165872834898e-02 8.36021165872834898e-02 1.38590704478400436e-19 3.79627354988591783e-20 0.00000000000000000e+00 0.00000000000000000e+00 9.43408246047455377e-05 4.55046783526609055e-03 3.10915688844088127e-03 1.36753976309678706e-02 1.62593112888971771e-05 2.42050806999201612e-03 2.42050806999201612e-03 1.05702166853417975e-02 3.86380874088277856e-02 2.56243668818040282e-01 1.00669061740535411e-02 1.00669061740535411e-02 1.42916704757039686e-01 1.42916704757039686e-01 4.04709084958338808e-02 4.25812442040189956e-04 9.74751541370462983e-08 2.06396945723732562e-06 2.30821726575290721e-05 1.95614686448150744e-05 0.00000000000000000e+00 0.00000000000000000e+00 0.00000000000000000e+00 0.00000000000000000e+00 3.51429741010476776e-02 2.20282769128266644e-02 1.35580203649821901e-01 1.35580203649821901e-01 9.63049493375126436e-02 9.63049493375126436e-02 4.47725645099388059e-01 4.47725645099388059e-01 4.17197172715761122e-01 3.46264324538824941e-01 2.48881048226742507e-01 2.48881048226742507e-01 0.00000000000000000e+00 0.00000000000000000e+00 0.00000000000000000e+00 0.00000000000000000e+00 3.00166518343954669e-03 1.04056066952185316e-03 1.58775711212979050e-04 3.17133206187474200e-04 8.17863931970199852e-04 6.11561986688393365e-05 
9.41655842887940575e-01 9.41655842887940575e-01 7.99672493131687534e-01 0.00000000000000000e+00 0.00000000000000000e+00 0.00000000000000000e+00 0.00000000000000000e+00 0.00000000000000000e+00 0.00000000000000000e+00 0.00000000000000000e+00 0.00000000000000000e+00 2.28421134650760339e-02 2.28421134650760339e-02 3.27422191553897943e-02 1.88122152595055891e-03 1.23210128069705539e-02 4.18353369668713129e-02 4.18353369668713129e-02 8.50171424204285264e-01 8.50171424204285264e-01 1.33686068652712483e-17 7.44664048691214795e-19 0.00000000000000000e+00 0.00000000000000000e+00 1.19526427513023687e-02 4.58792999132371232e-02 1.28543028392023636e-02 5.77036575175334798e-02 4.56534028563324967e-04 3.68383351394979209e-03 3.68383351394979209e-03 1.29810210321508693e-02 2.20835156094666282e-04 4.50984813641101302e-03 5.73889735777213666e-02 5.73889735777213666e-02 2.00126340572556877e-01 2.00126340572556877e-01 5.15171894419424251e-02 4.56081196628930086e-03 6.82710066605319893e-04 2.29124240010020923e-03 4.76882692078934353e-03 3.79069573052808915e-03 0.00000000000000000e+00 0.00000000000000000e+00 0.00000000000000000e+00 0.00000000000000000e+00 5.77278443469757003e-03 7.87402691874975781e-03 1.80438521029758266e-03 1.80438521029758266e-03 8.05799794509225696e-03 8.05799794509225696e-03 4.63414443441706372e-03 4.63414443441706372e-03 6.09069406663726668e-03 1.01861869405324990e-02 2.26645742941688003e-02 2.26645742941688003e-02 0.00000000000000000e+00 0.00000000000000000e+00 0.00000000000000000e+00 0.00000000000000000e+00 4.68017574396123278e-06 1.47643032367940795e-05 1.67530546824532544e-05 2.70114790636276307e-05 4.29894178918770791e-06 4.09801870303700206e-07 
1.00000000000000000e+00 1.00000000000000000e+00 2.65600332799877776e-05 0.00000000000000000e+00 0.00000000000000000e+00 0.00000000000000000e+00 0.00000000000000000e+00 0.00000000000000000e+00 0.00000000000000000e+00 0.00000000000000000e+00 0.00000000000000000e+00 7.60501138528310361e-01 7.60501138528310361e-01 2.36268898354437723e-04 5.84931926098023315e-06 3.80134324370441033e-05 4.15345287317733722e-02 4.15345287317733722e-02 8.43753823571831374e-01 8.43753823571831374e-01 1.17703965615686719e-17 1.73398680090710584e-19 0.00000000000000000e+00 0.00000000000000000e+00 4.09655727449881546e-01 1.68992465719167775e-02 3.05427298180948334e-03 1.36307259879713157e-02 1.64252508488833306e-02 2.73428630598571533e-03 2.73428630598571533e-03 9.42768471905556377e-03 4.16823151251743054e-05 2.83877906262998978e-04 2.68941520445963034e-02 2.68941520445963034e-02 9.32355919574272551e-02 9.32355919574272551e-02 5.95767666300071469e-02 1.54743431874637460e-01 2.61819694778176772e-02 9.80298624161419010e-03 3.44756437608996751e-03 2.52742753165295566e-03 0.00000000000000000e+00 0.00000000000000000e+00 0.00000000000000000e+00 0.00000000000000000e+00 1.19641339775575731e-02 1.03214439079325881e-02 3.94513664181792532e-03 3.94513664181792532e-03 1.06372487381603507e-02 1.06372487381603507e-02 4.50377738009114393e-03 4.50377738009114393e-03 5.95846110817780956e-03 1.08687969195009546e-02 2.50523319120982552e-02 2.50523319120982552e-02 0.00000000000000000e+00 0.00000000000000000e+00 0.00000000000000000e+00 0.00000000000000000e+00 3.18034252873426013e-05 4.05017072812355634e-05 4.07065825240502839e-05 7.02724558024101729e-05 4.61705469372616822e-05 1.14305886461947625e-06 
2.49369014037302940e-04 2.49369014037302940e-04 1.32368114740474655e-09 0.00000000000000000e+00 0.00000000000000000e+00 0.00000000000000000e+00 0.00000000000000000e+00 0.00000000000000000e+00 0.00000000000000000e+00 0.00000000000000000e+00 0.00000000000000000e+00 1.26831246251926869e-05 1.26831246251926869e-05 7.18811557992780847e-07 1.58937680470459775e-07 1.43737033413014635e-06 3.67910344830093671e-04 3.67910344830093671e-04 7.86630899142282472e-03 7.86630899142282472e-03 5.67185898603784436e-21 3.34553725566376723e-21 0.00000000000000000e+00 0.00000000000000000e+00 8.34152976743989955e-06 1.27611809685591369e-05 5.29737267404967432e-05 2.18267880227034045e-04 4.64552938762081820e-08 5.77316706618490608e-05 5.77316706618490608e-05 2.51501550100899948e-04 2.32818148009336537e-04 4.29804310246671012e-04 1.84457592746828207e-03 1.84457592746828207e-03 8.70154546709450867e-03 8.70154546709450867e-03 9.02081700397080392e-04 9.21960621918071880e-05 6.73941470569022226e-06 3.93158431152881889e-05 1.93125457098281689e-03 1.98569284213521036e-03 0.00000000000000000e+00 0.00000000000000000e+00 0.00000000000000000e+00 0.00000000000000000e+00 1.61292405305733189e-01 7.03995564887393149e-02 2.24809190362343952e-01 2.24809190362343952e-01 1.32772748907705240e-01 1.32772748907705240e-01 3.76418577667419971e-02 3.76418577667419971e-02 2.00285291577524255e-02 4.26179772324855044e-02 7.80749788324583416e-03 7.80749788324583416e-03 0.00000000000000000e+00 0.00000000000000000e+00 0.00000000000000000e+00 0.00000000000000000e+00 6.58461657191160787e-01 4.17506305169809744e-01 5.36177301141156026e-01 1.00000000000000000e+00 2.02559477629629149e-03 4.32246924673808603e-06 
0.00000000000000000e+00 0.00000000000000000e+00 0.00000000000000000e+00 0.00000000000000000e+00 0.00000000000000000e+00 0.00000000000000000e+00 0.00000000000000000e+00 0.00000000000000000e+00 0.00000000000000000e+00 0.00000000000000000e+00 0.00000000000000000e+00 0.00000000000000000e+00 0.00000000000000000e+00 0.00000000000000000e+00 0.00000000000000000e+00 0.00000000000000000e+00 0.00000000000000000e+00 0.00000000000000000e+00 0.00000000000000000e+00 0.00000000000000000e+00 0.00000000000000000e+00 0.00000000000000000e+00 0.00000000000000000e+00 1.00000000000000000e+00 0.00000000000000000e+00 0.00000000000000000e+00 0.00000000000000000e+00 0.00000000000000000e+00 0.00000000000000000e+00 0.00000000000000000e+00 0.00000000000000000e+00 0.00000000000000000e+00 0.00000000000000000e+00 0.00000000000000000e+00 0.00000000000000000e+00 0.00000000000000000e+00 0.00000000000000000e+00 0.00000000000000000e+00 0.00000000000000000e+00 0.00000000000000000e+00 0.00000000000000000e+00 0.00000000000000000e+00 0.00000000000000000e+00 0.00000000000000000e+00 0.00000000000000000e+00 0.00000000000000000e+00 0.00000000000000000e+00 0.00000000000000000e+00 0.00000000000000000e+00 0.00000000000000000e+00 0.00000000000000000e+00 0.00000000000000000e+00 0.00000000000000000e+00 0.00000000000000000e+00 0.00000000000000000e+00 0.00000000000000000e+00 0.00000000000000000e+00 0.00000000000000000e+00 0.00000000000000000e+00 0.00000000000000000e+00 0.00000000000000000e+00 0.00000000000000000e+00 0.00000000000000000e+00 0.00000000000000000e+00 0.00000000000000000e+00 0.00000000000000000e+00 0.00000000000000000e+00 0.00000000000000000e+00 0.00000000000000000e+00 0.00000000000000000e+00 
0.00000000000000000e+00 0.00000000000000000e+00 0.00000000000000000e+00 0.00000000000000000e+00 0.00000000000000000e+00 1.00000000000000000e+00 0.00000000000000000e+00 0.00000000000000000e+00 0.00000000000000000e+00 0.00000000000000000e+00 0.00000000000000000e+00 0.00000000000000000e+00 0.00000000000000000e+00 0.00000000000000000e+00 0.00000000000000000e+00 0.00000000000000000e+00 0.00000000000000000e+00 0.00000000000000000e+00 0.00000000000000000e+00 0.00000000000000000e+00 0.00000000000000000e+00 0.00000000000000000e+00 0.00000000000000000e+00 0.00000000000000000e+00 0.00000000000000000e+00 0.00000000000000000e+00 0.00000000000000000e+00 0.00000000000000000e+00 0.00000000000000000e+00 0.00000000000000000e+00 0.00000000000000000e+00 0.00000000000000000e+00 0.00000000000000000e+00 0.00000000000000000e+00 0.00000000000000000e+00 0.00000000000000000e+00 0.00000000000000000e+00 0.00000000000000000e+00 0.00000000000000000e+00 0.00000000000000000e+00 0.00000000000000000e+00 0.00000000000000000e+00 0.00000000000000000e+00 0.00000000000000000e+00 0.00000000000000000e+00 0.00000000000000000e+00 0.00000000000000000e+00 0.00000000000000000e+00 0.00000000000000000e+00 0.00000000000000000e+00 0.00000000000000000e+00 0.00000000000000000e+00 0.00000000000000000e+00 0.00000000000000000e+00 0.00000000000000000e+00 0.00000000000000000e+00 0.00000000000000000e+00 0.00000000000000000e+00 0.00000000000000000e+00 0.00000000000000000e+00 0.00000000000000000e+00 0.00000000000000000e+00 0.00000000000000000e+00 0.00000000000000000e+00 0.00000000000000000e+00 0.00000000000000000e+00 0.00000000000000000e+00 0.00000000000000000e+00 0.00000000000000000e+00 0.00000000000000000e+00 
0.00000000000000000e+00 0.00000000000000000e+00 0.00000000000000000e+00 0.00000000000000000e+00 0.00000000000000000e+00 0.00000000000000000e+00 0.00000000000000000e+00 0.00000000000000000e+00 0.00000000000000000e+00 0.00000000000000000e+00 0.00000000000000000e+00 0.00000000000000000e+00 0.00000000000000000e+00 0.00000000000000000e+00 0.00000000000000000e+00 0.00000000000000000e+00 0.00000000000000000e+00 0.00000000000000000e+00 0.00000000000000000e+00 0.00000000000000000e+00 0.00000000000000000e+00 0.00000000000000000e+00 0.00000000000000000e+00 0.00000000000000000e+00 0.00000000000000000e+00 0.00000000000000000e+00 0.00000000000000000e+00 0.00000000000000000e+00 0.00000000000000000e+00 0.00000000000000000e+00 0.00000000000000000e+00 0.00000000000000000e+00 0.00000000000000000e+00 0.00000000000000000e+00 0.00000000000000000e+00 0.00000000000000000e+00 0.00000000000000000e+00 0.00000000000000000e+00 0.00000000000000000e+00 0.00000000000000000e+00 0.00000000000000000e+00 0.00000000000000000e+00 0.00000000000000000e+00 0.00000000000000000e+00 0.00000000000000000e+00 0.00000000000000000e+00 0.00000000000000000e+00 0.00000000000000000e+00 0.00000000000000000e+00 0.00000000000000000e+00 0.00000000000000000e+00 0.00000000000000000e+00 0.00000000000000000e+00 0.00000000000000000e+00 0.00000000000000000e+00 0.00000000000000000e+00 0.00000000000000000e+00 0.00000000000000000e+00 0.00000000000000000e+00 0.00000000000000000e+00 0.00000000000000000e+00 0.00000000000000000e+00 1.00000000000000000e+00 0.00000000000000000e+00 0.00000000000000000e+00 0.00000000000000000e+00 0.00000000000000000e+00 0.00000000000000000e+00 0.00000000000000000e+00 0.00000000000000000e+00 
0.00000000000000000e+00 0.00000000000000000e+00 0.00000000000000000e+00 0.00000000000000000e+00 0.00000000000000000e+00 0.00000000000000000e+00 0.00000000000000000e+00 0.00000000000000000e+00 0.00000000000000000e+00 1.00000000000000000e+00 0.00000000000000000e+00 0.00000000000000000e+00 0.00000000000000000e+00 0.00000000000000000e+00 0.00000000000000000e+00 0.00000000000000000e+00 0.00000000000000000e+00 0.00000000000000000e+00 0.00000000000000000e+00 0.00000000000000000e+00 0.00000000000000000e+00 0.00000000000000000e+00 0.00000000000000000e+00 0.00000000000000000e+00 0.00000000000000000e+00 0.00000000000000000e+00 0.00000000000000000e+00 0.00000000000000000e+00 0.00000000000000000e+00 0.00000000000000000e+00 0.00000000000000000e+00 0.00000000000000000e+00 0.00000000000000000e+00 0.00000000000000000e+00 0.00000000000000000e+00 0.00000000000000000e+00 0.00000000000000000e+00 0.00000000000000000e+00 0.00000000000000000e+00 0.00000000000000000e+00 0.00000000000000000e+00 0.00000000000000000e+00 0.00000000000000000e+00 0.00000000000000000e+00 0.00000000000000000e+00 0.00000000000000000e+00 0.00000000000000000e+00 0.00000000000000000e+00 0.00000000000000000e+00 0.00000000000000000e+00 0.00000000000000000e+00 0.00000000000000000e+00 0.00000000000000000e+00 0.00000000000000000e+00 0.00000000000000000e+00 0.00000000000000000e+00 0.00000000000000000e+00 0.00000000000000000e+00 0.00000000000000000e+00 0.00000000000000000e+00 0.00000000000000000e+00 0.00000000000000000e+00 0.00000000000000000e+00 0.00000000000000000e+00 0.00000000000000000e+00 0.00000000000000000e+00 0.00000000000000000e+00 0.00000000000000000e+00 0.00000000000000000e+00 0.00000000000000000e+00 
2.52822415938813230e-02 2.52822415938813230e-02 4.83808496619253587e-06 0.00000000000000000e+00 0.00000000000000000e+00 0.00000000000000000e+00 0.00000000000000000e+00 0.00000000000000000e+00 0.00000000000000000e+00 0.00000000000000000e+00 0.00000000000000000e+00 7.27796579182833636e-02 7.27796579182833636e-02 1.09860651358649909e-03 6.41525119826198112e-05 4.20206875768726535e-04 4.89689108492504118e-04 4.89689108492504118e-04 9.31786873459538104e-03 9.31786873459538104e-03 2.56239865703628716e-19 2.98703732424429760e-20 0.00000000000000000e+00 0.00000000000000000e+00 8.43508886400677060e-02 1.83532625338679659e-02 4.85177709042990124e-03 2.17611557877657284e-02 7.49762098698418880e-03 2.94544058483768318e-03 2.94544058483768318e-03 1.03084541235989331e-02 1.61565804810652843e-04 4.22334571097264695e-03 4.53848053021908143e-02 4.53848053021908143e-02 1.60757744855275303e-01 1.60757744855275303e-01 1.45822398487531230e-01 2.45001181854423544e-01 1.00000000000000000e+00 5.63352938872672349e-01 8.37643930976246232e-01 6.85208586292765931e-01 0.00000000000000000e+00 0.00000000000000000e+00 0.00000000000000000e+00 0.00000000000000000e+00 7.56855100357769366e-04 4.35765707046902647e-04 1.04879466683167533e-06 1.04879466683167533e-06 6.40503520211872955e-06 6.40503520211872955e-06 4.23695241193911274e-06 4.23695241193911274e-06 5.43121490102098051e-06 6.77246710105994531e-06 7.45178276736220168e-06 7.45178276736220168e-06 0.00000000000000000e+00 0.00000000000000000e+00 0.00000000000000000e+00 0.00000000000000000e+00 4.90421422746049075e-11 5.86413491454742386e-11 5.46877245031320440e-11 9.41954643725918752e-11 1.49403448644212668e-12 1.37389152161596938e-14 
5.82082890188163685e-02 5.82082890188163685e-02 1.93519885753612758e-05 0.00000000000000000e+00 0.00000000000000000e+00 0.00000000000000000e+00 0.00000000000000000e+00 0.00000000000000000e+00 0.00000000000000000e+00 0.00000000000000000e+00 0.00000000000000000e+00 3.02361483927196972e-01 3.02361483927196972e-01 4.88219084933762260e-03 2.85742562629396376e-04 1.87167357063186264e-03 8.01430427632369513e-04 8.01430427632369513e-04 1.50000748786317441e-02 1.50000748786317441e-02 1.13463490692942212e-18 4.61723002320368408e-20 0.00000000000000000e+00 0.00000000000000000e+00 8.42114931435627878e-01 5.94590188045556856e-01 2.21923644021628785e-01 1.00000000000000000e+00 9.03764958540723001e-02 3.12873473092780616e-02 3.12873473092780616e-02 1.09248723291330382e-01 4.21790805675216116e-04 8.99768451847472901e-03 8.50197435165286342e-02 8.50197435165286342e-02 3.00319692376281089e-01 3.00319692376281089e-01 2.02887967042143375e-01 2.72782693968747658e-01 3.62023651950757822e-02 1.63679896274687188e-02 1.14395648811665453e-02 8.84400207925565250e-03 0.00000000000000000e+00 0.00000000000000000e+00 0.00000000000000000e+00 0.00000000000000000e+00 2.53912704907499468e-04 1.60543624935924621e-04 9.27519482960125779e-07 9.27519482960125779e-07 5.16588327111180914e-06 5.16588327111180914e-06 2.81029752383394166e-06 2.81029752383394166e-06 3.61313323943411090e-06 4.66937718222148742e-06 5.46121966568816004e-06 5.46121966568816004e-06 0.00000000000000000e+00 0.00000000000000000e+00 0.00000000000000000e+00 0.00000000000000000e+00 4.50462294020755545e-11 5.39344264107669488e-11 5.03757177368721490e-11 8.67723540780312848e-11 1.44628742498681784e-12 1.33947376032436896e-14 
4.25841554210661180e-02 4.25841554210661180e-02 9.67611138448069140e-06 0.00000000000000000e+00 0.00000000000000000e+00 0.00000000000000000e+00 0.00000000000000000e+00 0.00000000000000000e+00 0.00000000000000000e+00 0.00000000000000000e+00 0.00000000000000000e+00 1.48679055221775352e-01 1.48679055221775352e-01 2.27290606436589444e-03 1.32818814309646637e-04 8.69983164422032150e-04 7.00624423031779480e-04 7.00624423031779480e-04 1.31947674561577379e-02 1.31947674561577379e-02 3.83035585141920488e-19 7.21926857134343150e-20 0.00000000000000000e+00 0.00000000000000000e+00 2.10819060047698376e-01 5.18583556415442432e-02 1.39455650318779083e-02 6.25606818747355686e-02 2.69672634974473489e-02 1.08858965281335013e-02 1.08858965281335013e-02 3.81190022417677646e-02 2.07219317738387750e-03 2.06900953376657870e-01 2.77668039491845098e-01 2.77668039491845098e-01 9.99487592718650064e-01 9.99487592718650064e-01 1.00000000000000000e+00 9.23011472544451816e-01 5.53046269432280330e-02 2.49139162737391263e-02 1.72773241032021935e-02 1.33521715023746830e-02 0.00000000000000000e+00 0.00000000000000000e+00 0.00000000000000000e+00 0.00000000000000000e+00 3.26158580221009209e-04 2.03355580513866097e-04 9.72905890383309952e-07 9.72905890383309952e-07 5.57553177769797272e-06 5.57553177769797272e-06 3.16563857459546012e-06 3.16563857459546012e-06 4.06693052970313229e-06 5.20852026986360422e-06 5.99503034537122792e-06 5.99503034537122792e-06 0.00000000000000000e+00 0.00000000000000000e+00 0.00000000000000000e+00 0.00000000000000000e+00 4.63038285147567868e-11 5.54171354516280272e-11 5.17354601396914477e-11 8.91132215052978122e-11 1.46186036503587989e-12 1.35075313568740063e-14 
6.69868822994832813e-03 6.69868822994832813e-03 8.70636126249964303e-05 0.00000000000000000e+00 0.00000000000000000e+00 0.00000000000000000e+00 0.00000000000000000e+00 0.00000000000000000e+00 0.00000000000000000e+00 0.00000000000000000e+00 0.00000000000000000e+00 4.60434126624572782e-01 4.60434126624572782e-01 9.42996641834152993e-01 1.32045803821810637e-01 8.71832883884888443e-01 3.82778124817509925e-05 3.82778124817509925e-05 6.88693363417639936e-04 6.88693363417639936e-04 3.30383564704978057e-17 4.70119456240051351e-19 0.00000000000000000e+00 0.00000000000000000e+00 6.79559460066216481e-01 8.40367497819030501e-02 2.19809649821585476e-02 9.85853665975812143e-02 9.01873719744834962e-02 1.79720336170949256e-02 1.79720336170949256e-02 6.22766537354826621e-02 1.85899214720715909e-05 2.76264223178126719e-04 2.31068377569765542e-03 2.31068377569765542e-03 8.08950970999463247e-03 8.08950970999463247e-03 2.47857213330186701e-03 1.66912395584463587e-03 3.59757295587001590e-04 1.63424183873195301e-04 1.15332528186463845e-04 8.92051827057926039e-05 0.00000000000000000e+00 0.00000000000000000e+00 0.00000000000000000e+00 0.00000000000000000e+00 2.73079620690142281e-06 1.70878583232157575e-06 7.72412877832855111e-09 7.72412877832855111e-09 4.61271917768463924e-08 4.61271917768463924e-08 2.23250807656717190e-08 2.23250807656717190e-08 2.85859895931506421e-08 3.51709376265830547e-08 3.70513513924756755e-08 3.70513513924756755e-08 0.00000000000000000e+00 0.00000000000000000e+00 0.00000000000000000e+00 0.00000000000000000e+00 1.12802610790221324e-13 1.33211736033327326e-13 1.22397580193854169e-13 2.10725847328993644e-13 1.49263593284125637e-15 1.09108831154653212e-17 
2.16535859363825404e-03 2.16535859363825404e-03 4.35385230614956266e-06 0.00000000000000000e+00 0.00000000000000000e+00 0.00000000000000000e+00 0.00000000000000000e+00 0.00000000000000000e+00 0.00000000000000000e+00 0.00000000000000000e+00 0.00000000000000000e+00 6.45514292096630860e-02 6.45514292096630860e-02 1.81709230458912646e-03 1.07649721819849686e-04 7.05177595393019908e-04 1.31193667867931114e-05 1.31193667867931114e-05 2.33168240486886333e-04 2.33168240486886333e-04 4.89313581327175723e-18 1.83198643066669938e-19 0.00000000000000000e+00 0.00000000000000000e+00 3.61571490067079060e-01 1.14321652877515861e-01 3.37603919595820048e-02 1.51624490347316371e-01 8.86447002771812875e-01 2.54358191498971653e-01 2.54358191498971653e-01 8.88813497434793098e-01 1.01183355134382659e-04 1.51847335055848610e-03 1.06994502760450437e-02 1.06994502760450437e-02 3.77680211638599314e-02 3.77680211638599314e-02 1.84640376281776236e-02 1.89529464719722165e-02 5.73341562342165778e-04 2.55616164456582372e-04 1.73283818347872283e-04 1.33766525469320515e-04 0.00000000000000000e+00 0.00000000000000000e+00 0.00000000000000000e+00 0.00000000000000000e+00 1.64543714043500330e-06 9.39711386163593284e-07 1.13653907790218303e-09 1.13653907790218303e-09 8.55859644415473348e-09 8.55859644415473348e-09 4.68670172872125778e-09 4.68670172872125778e-09 5.95110832783651153e-09 6.62087128379659029e-09 5.73429524704283352e-09 5.73429524704283352e-09 0.00000000000000000e+00 0.00000000000000000e+00 0.00000000000000000e+00 0.00000000000000000e+00 4.41931280587898423e-15 5.13511835046379421e-15 4.62845631903099181e-15 7.96396840799624775e-15 2.18611747684908057e-17 1.24433302196399020e-19 
2.91399229320731222e-02 2.91399229320731222e-02 1.96280680743628030e-06 0.00000000000000000e+00 0.00000000000000000e+00 0.00000000000000000e+00 0.00000000000000000e+00 0.00000000000000000e+00 0.00000000000000000e+00 0.00000000000000000e+00 0.00000000000000000e+00 3.49657501379003945e-03 3.49657501379003945e-03 1.42583692056990464e-04 6.49870432903309703e-06 1.61113641920780447e-04 2.70951941292727838e-03 2.70951941292727838e-03 8.63759474375696001e-02 8.63759474375696001e-02 8.72941187017807628e-19 1.36721840689167966e-17 0.00000000000000000e+00 0.00000000000000000e+00 1.29466858764170625e-03 4.38041944524912141e-03 4.60831464456877733e-03 1.41382523931114640e-02 3.06915270310510247e-05 4.14313734667523352e-03 4.14313734667523352e-03 1.13444090413101460e-02 7.42614554922989278e-03 5.44070267270227725e-02 9.25900475038416715e-02 9.25900475038416715e-02 1.65311273635652900e-01 1.65311273635652900e-01 1.74235907207385445e-02 3.03619376435910983e-03 3.07071455823217999e-04 2.28131557925517731e-04 1.02890573761446891e-02 1.62859658381560614e-02 0.00000000000000000e+00 0.00000000000000000e+00 0.00000000000000000e+00 0.00000000000000000e+00 9.53718005689925263e-01 2.25115025323426726e-01 1.00000000000000000e+00 1.00000000000000000e+00 4.56262847111699066e-01 4.56262847111699066e-01 2.05450889335815456e-01 2.05450889335815456e-01 2.37930220914368523e-01 5.68454798744375163e-03 1.20109918471109807e-02 1.20109918471109807e-02 0.00000000000000000e+00 0.00000000000000000e+00 0.00000000000000000e+00 0.00000000000000000e+00 5.86430752367023342e-02 1.86916279017544928e-02 6.69378776513947747e-03 2.10304432614714897e-02 3.11282182745298373e-03 1.21416267499973121e-05 
2.89542699948132408e-03 2.89542699948132408e-03 6.67762680628938983e-08 0.00000000000000000e+00 0.00000000000000000e+00 0.00000000000000000e+00 0.00000000000000000e+00 0.00000000000000000e+00 0.00000000000000000e+00 0.00000000000000000e+00 0.00000000000000000e+00 1.07205942551369271e-04 1.07205942551369271e-04 5.07495094802927351e-06 2.40612747580790104e-07 6.13423089548551718e-06 3.89360251299006289e-04 3.89360251299006289e-04 1.67931100207260355e-02 1.67931100207260355e-02 4.43148058701433455e-20 1.87345266199108699e-19 0.00000000000000000e+00 0.00000000000000000e+00 6.16206008686453868e-06 2.86551062236345358e-05 3.70190942741217317e-05 1.13586593214200479e-04 9.48580849833166697e-07 1.04613856743951956e-04 1.04613856743951956e-04 2.82517625164492526e-04 4.31487299560188542e-04 3.49915604364139541e-03 6.01215626057662478e-03 6.01215626057662478e-03 1.04806738110480042e-02 1.04806738110480042e-02 1.36019701276314671e-03 2.74760095041571217e-04 5.90802032987639963e-05 2.33369558016207400e-05 1.47100637462623603e-03 2.38516499612677780e-03 0.00000000000000000e+00 0.00000000000000000e+00 0.00000000000000000e+00 0.00000000000000000e+00 3.05465305722104730e-01 7.72313696827215262e-02 6.30036857747225176e-01 6.30036857747225176e-01 3.05168902001592524e-01 3.05168902001592524e-01 4.84761930476989289e-01 4.84761930476989289e-01 5.55512449505562889e-01 2.42988257488896894e-02 6.66910640590014092e-02 6.66910640590014092e-02 0.00000000000000000e+00 0.00000000000000000e+00 0.00000000000000000e+00 0.00000000000000000e+00 1.19512022396329437e-01 3.47724767661963391e-02 1.11774725225626086e-02 3.50388603727528267e-02 4.89687991984899020e-03 3.41863656246014222e-06 
3.46036975970580030e-02 3.46036975970580030e-02 1.07110988996486050e-09 0.00000000000000000e+00 0.00000000000000000e+00 0.00000000000000000e+00 0.00000000000000000e+00 0.00000000000000000e+00 0.00000000000000000e+00 0.00000000000000000e+00 0.00000000000000000e+00 9.33770088906235319e-05 9.33770088906235319e-05 2.55770082707075400e-04 4.82309581679302327e-06 2.55127256186436443e-04 2.12577430203744842e-03 2.12577430203744842e-03 1.05139634540040383e-01 1.05139634540040383e-01 4.18036285569810470e-19 3.44919173451396959e-19 0.00000000000000000e+00 0.00000000000000000e+00 3.77134465303871277e-04 1.69185742233715249e-02 1.05476697092895411e-02 3.09542479992996021e-02 2.01259850787904312e-04 1.34757546558739692e-02 1.34757546558739692e-02 3.02297965215023341e-02 9.13662625887584068e-02 3.54568930638512247e-01 6.39071603743129657e-01 6.39071603743129657e-01 1.00000000000000000e+00 1.00000000000000000e+00 1.91634490937308222e-01 6.43409803371279305e-03 3.43238638349448980e-04 1.71042150817634600e-03 1.51838738320484636e-02 2.07487856308118217e-02 0.00000000000000000e+00 0.00000000000000000e+00 0.00000000000000000e+00 0.00000000000000000e+00 5.24865974397941294e-03 9.75891558808195288e-03 1.22913513148959676e-02 1.22913513148959676e-02 1.48574153113487980e-02 1.48574153113487980e-02 2.57591932610727381e-01 2.57591932610727381e-01 2.52513293781878867e-01 3.34147340556027322e-02 1.24090286740293917e-01 1.24090286740293917e-01 0.00000000000000000e+00 0.00000000000000000e+00 0.00000000000000000e+00 0.00000000000000000e+00 3.98480944271646674e-06 1.45476864817750106e-06 4.23449929283800510e-07 1.17920011338096446e-06 3.94350860384519835e-08 1.06455104921979047e-07 
4.29963567193728802e-02 4.29963567193728802e-02 1.11754136952934700e-09 0.00000000000000000e+00 0.00000000000000000e+00 0.00000000000000000e+00 0.00000000000000000e+00 0.00000000000000000e+00 0.00000000000000000e+00 0.00000000000000000e+00 0.00000000000000000e+00 9.21044198946124318e-05 9.21044198946124318e-05 2.49919656277979583e-04 4.70653916851041819e-06 2.48959868106765603e-04 3.09201621799084364e-03 3.09201621799084364e-03 1.56224072238256517e-01 1.56224072238256517e-01 3.71286559589485713e-19 2.83709084686527768e-19 0.00000000000000000e+00 0.00000000000000000e+00 2.72347433455685393e-04 1.04914433006209739e-02 6.41706576206742870e-03 1.88281393928907276e-02 9.90826806391133057e-05 6.49304680492899730e-03 6.49304680492899730e-03 1.45595931988430419e-02 2.67143912367560875e-02 9.08560436357023077e-02 1.58453008505196835e-01 1.58453008505196835e-01 2.46869511030067296e-01 2.46869511030067296e-01 3.46814575709185474e-02 9.29444229345611920e-04 4.59273154474883055e-07 3.07486314395920998e-06 4.63159704105830188e-05 6.47551306086638709e-05 0.00000000000000000e+00 0.00000000000000000e+00 0.00000000000000000e+00 0.00000000000000000e+00 1.40907615113716571e-03 3.40145464574407707e-03 9.35609069178114927e-02 9.35609069178114927e-02 7.30839596536640851e-02 7.30839596536640851e-02 1.00000000000000000e+00 1.00000000000000000e+00 1.00000000000000000e+00 1.68218261130444108e-01 1.00000000000000000e+00 1.00000000000000000e+00 0.00000000000000000e+00 0.00000000000000000e+00 0.00000000000000000e+00 0.00000000000000000e+00 2.05756526448030216e-03 8.10408197239907116e-04 2.58709749274895905e-04 7.22477522073306693e-04 1.00280820097527386e-04 1.33298017941203519e-04 
8.24319080134543580e-01 8.24319080134543580e-01 7.84859325252785345e-01 0.00000000000000000e+00 0.00000000000000000e+00 0.00000000000000000e+00 0.00000000000000000e+00 0.00000000000000000e+00 0.00000000000000000e+00 0.00000000000000000e+00 0.00000000000000000e+00 2.04901982279902806e-02 2.04901982279902806e-02 3.27256137742956629e-02 2.54719639540973712e-04 1.41325598580353505e-02 1.76880360881102698e-02 1.76880360881102698e-02 1.00000000000000000e+00 1.00000000000000000e+00 1.12086842822906945e-17 2.30867086346329700e-19 0.00000000000000000e+00 0.00000000000000000e+00 1.10389857871634363e-02 6.69567312292779770e-02 1.96860439652768102e-02 5.62719982010718989e-02 4.68275195570849213e-04 8.45496348326274343e-03 8.45496348326274343e-03 1.45936050665215998e-02 1.49494223237290448e-05 1.68946275790873921e-04 1.01371715670502988e-01 1.01371715670502988e-01 1.64257024496764797e-01 1.64257024496764797e-01 2.50933411976036608e-02 3.08510371472631726e-03 4.63653027964012305e-04 1.89383169307326209e-03 3.96655457259595390e-03 5.58284337439186960e-03 0.00000000000000000e+00 0.00000000000000000e+00 0.00000000000000000e+00 0.00000000000000000e+00 1.52884704010282056e-02 3.46885100668746288e-03 4.42075857789306793e-03 4.42075857789306793e-03 2.35988767228677591e-03 2.35988767228677591e-03 7.04772842572882335e-03 7.04772842572882335e-03 7.91545039119752498e-03 4.35113609695860848e-04 2.73036266667899818e-02 2.73036266667899818e-02 0.00000000000000000e+00 0.00000000000000000e+00 0.00000000000000000e+00 0.00000000000000000e+00 6.66342012622896060e-06 5.09983333442972424e-06 9.75271638092118342e-06 3.78580541357048054e-05 3.23347068922008609e-05 5.02349210540208009e-07 
8.74561514127561224e-01 8.74561514127561224e-01 2.60642174935045564e-05 0.00000000000000000e+00 0.00000000000000000e+00 0.00000000000000000e+00 0.00000000000000000e+00 0.00000000000000000e+00 0.00000000000000000e+00 0.00000000000000000e+00 0.00000000000000000e+00 7.48366632459343761e-01 7.48366632459343761e-01 2.36147197556702552e-04 7.92018727282191735e-07 4.36017419622584493e-05 1.76200563536601067e-02 1.76200563536601067e-02 9.94090546054332558e-01 9.94090546054332558e-01 8.95765618202335495e-18 1.02276616877709526e-18 0.00000000000000000e+00 0.00000000000000000e+00 4.16176496616308012e-01 2.46839302892232319e-02 4.67573878951600512e-03 1.32923020133162567e-02 1.85293094766467055e-02 6.27910288039350371e-03 6.27910288039350371e-03 1.06070449496266650e-02 2.75206182742523171e-06 7.53706479774997092e-06 4.74820186371735786e-02 4.74820186371735786e-02 7.63525705073754557e-02 7.63525705073754557e-02 2.93178864486666295e-02 1.31243467909129385e-01 2.41675263899765319e-02 8.19374926767808993e-03 2.86819259180566381e-03 3.68855204413128532e-03 0.00000000000000000e+00 0.00000000000000000e+00 0.00000000000000000e+00 0.00000000000000000e+00 2.32205942977310696e-02 1.56722466719026884e-03 2.97461020179251882e-03 2.97461020179251882e-03 3.98336632460532299e-03 3.98336632460532299e-03 7.23040398435712689e-03 7.23040398435712689e-03 8.12923774029402843e-03 4.52700845602858784e-04 3.00346510600950113e-02 3.00346510600950113e-02 0.00000000000000000e+00 0.00000000000000000e+00 0.00000000000000000e+00 0.00000000000000000e+00 8.33788271664522631e-06 2.80157406987572984e-05 2.58339462934056290e-05 8.87854344276326455e-05 9.22523228412736631e-05 2.22771536779160843e-06 
1.11048086005090989e-03 1.11048086005090989e-03 5.47945713095196448e-11 0.00000000000000000e+00 0.00000000000000000e+00 0.00000000000000000e+00 0.00000000000000000e+00 0.00000000000000000e+00 0.00000000000000000e+00 0.00000000000000000e+00 0.00000000000000000e+00 2.95173267687844304e-05 2.95173267687844304e-05 1.13973515537735340e-06 5.93728998515014787e-08 1.58863740228879553e-06 1.80207835287764890e-04 1.80207835287764890e-04 5.24210559230091876e-03 5.24210559230091876e-03 8.59263608159679149e-21 9.86569754678450434e-20 0.00000000000000000e+00 0.00000000000000000e+00 1.88468984318310357e-05 1.17242531238092687e-04 1.25653346780089004e-04 3.84939623432810634e-04 1.26108694005113108e-06 1.44710525227784701e-04 1.44710525227784701e-04 3.92569635885739682e-04 3.73966708302416275e-04 2.90219267363886740e-03 4.96467426180540513e-03 4.96467426180540513e-03 8.81772057858356065e-03 8.81772057858356065e-03 1.05232678449002515e-03 1.99372950885011262e-04 3.34548935397073962e-05 2.25357087329617466e-05 1.07649453430991608e-03 1.71134299270239341e-03 0.00000000000000000e+00 0.00000000000000000e+00 0.00000000000000000e+00 0.00000000000000000e+00 1.52381190452537951e-01 3.77537622532189421e-02 3.22523969825137591e-01 3.22523969825137591e-01 1.34196398579156578e-01 1.34196398579156578e-01 7.51243964612889892e-02 7.51243964612889892e-02 8.73567658680901166e-02 1.35173387910859422e-03 6.10161442864065508e-03 6.10161442864065508e-03 0.00000000000000000e+00 0.00000000000000000e+00 0.00000000000000000e+00 0.00000000000000000e+00 1.00000000000000000e+00 4.34299219864870467e-01 2.70095713506577684e-01 8.67699234057577096e-01 5.23079978452252979e-03 1.81135610293391398e-05 
9.52655972979404188e-19 9.52655972979404188e-19 7.78584171600228053e-25 0.00000000000000000e+00 0.00000000000000000e+00 0.00000000000000000e+00 0.00000000000000000e+00 0.00000000000000000e+00 0.00000000000000000e+00 0.00000000000000000e+00 0.00000000000000000e+00 3.55474833159887290e-19 3.55474833159887290e-19 3.51507508540407966e-20 1.86601196306207017e-21 4.99342119391911577e-20 5.47367526717135189e-20 5.47367526717135189e-20 1.50506151484781237e-18 1.50506151484781237e-18 1.26510808500632370e-06 1.00000000000000000e+00 0.00000000000000000e+00 0.00000000000000000e+00 5.95318963425881316e-19 1.02389990261926219e-18 9.82419637545740231e-19 3.00604178580854088e-18 4.03638630763773623e-21 4.32776738609707789e-19 4.32776738609707789e-19 1.17253120597945094e-18 3.96297100402595733e-19 2.58434371381317920e-18 3.92381732424867802e-18 3.92381732424867802e-18 6.95474870966916203e-18 6.95474870966916203e-18 6.56490587382980520e-19 1.04427121046584631e-19 5.62035844242483958e-21 3.74067898950815709e-21 1.74053983536611284e-19 2.76342932692502298e-19 0.00000000000000000e+00 0.00000000000000000e+00 0.00000000000000000e+00 0.00000000000000000e+00 1.14190548599821428e-17 2.56801987131417054e-18 5.53471364484569349e-18 5.53471364484569349e-18 2.91580514219527717e-18 2.91580514219527717e-18 1.42221427166532829e-18 1.42221427166532829e-18 1.63136242299896065e-18 2.14123014826199329e-20 6.88163344672523654e-20 6.88163344672523654e-20 0.00000000000000000e+00 0.00000000000000000e+00 0.00000000000000000e+00 0.00000000000000000e+00 8.85321074612837233e-20 2.78069803406018181e-20 9.78559823784117082e-21 3.07281492858718522e-20 1.82807107757697655e-21 5.74019378852034902e-24 
0.00000000000000000e+00 0.00000000000000000e+00 0.00000000000000000e+00 0.00000000000000000e+00 0.00000000000000000e+00 0.00000000000000000e+00 1.00000000000000000e+00 0.00000000000000000e+00 0.00000000000000000e+00 0.00000000000000000e+00 0.00000000000000000e+00 0.00000000000000000e+00 0.00000000000000000e+00 0.00000000000000000e+00 0.00000000000000000e+00 0.00000000000000000e+00 0.00000000000000000e+00 0.00000000000000000e+00 0.00000000000000000e+00 0.00000000000000000e+00 0.00000000000000000e+00 0.00000000000000000e+00 0.00000000000000000e+00 0.00000000000000000e+00 0.00000000000000000e+00 0.00000000000000000e+00 0.00000000000000000e+00 0.00000000000000000e+00 0.00000000000000000e+00 0.00000000000000000e+00 0.00000000000000000e+00 0.00000000000000000e+00 0.00000000000000000e+00 0.00000000000000000e+00 0.00000000000000000e+00 0.00000000000000000e+00 0.00000000000000000e+00 0.00000000000000000e+00 0.00000000000000000e+00 0.00000000000000000e+00 0.00000000000000000e+00 0.00000000000000000e+00 0.00000000000000000e+00 0.00000000000000000e+00 0.00000000000000000e+00 0.00000000000000000e+00 0.00000000000000000e+00 0.00000000000000000e+00 0.00000000000000000e+00 0.00000000000000000e+00 0.00000000000000000e+00 0.00000000000000000e+00 0.00000000000000000e+00 0.00000000000000000e+00 0.00000000000000000e+00 0.00000000000000000e+00 0.00000000000000000e+00 0.00000000000000000e+00 0.00000000000000000e+00 0.00000000000000000e+00 0.00000000000000000e+00 0.00000000000000000e+00 0.00000000000000000e+00 0.00000000000000000e+00 0.00000000000000000e+00 0.00000000000000000e+00 0.00000000000000000e+00 0.00000000000000000e+00 0.00000000000000000e+00 0.00000000000000000e+00 
0.00000000000000000e+00 0.00000000000000000e+00 0.00000000000000000e+00 0.00000000000000000e+00 0.00000000000000000e+00 0.00000000000000000e+00 0.00000000000000000e+00 0.00000000000000000e+00 0.00000000000000000e+00 0.00000000000000000e+00 0.00000000000000000e+00 0.00000000000000000e+00 0.00000000000000000e+00 0.00000000000000000e+00 0.00000000000000000e+00 0.00000000000000000e+00 0.00000000000000000e+00 0.00000000000000000e+00 0.00000000000000000e+00 0.00000000000000000e+00 0.00000000000000000e+00 0.00000000000000000e+00 0.00000000000000000e+00 0.00000000000000000e+00 0.00000000000000000e+00 0.00000000000000000e+00 0.00000000000000000e+00 0.00000000000000000e+00 0.00000000000000000e+00 0.00000000000000000e+00 0.00000000000000000e+00 0.00000000000000000e+00 0.00000000000000000e+00 0.00000000000000000e+00 0.00000000000000000e+00 0.00000000000000000e+00 0.00000000000000000e+00 0.00000000000000000e+00 0.00000000000000000e+00 0.00000000000000000e+00 0.00000000000000000e+00 0.00000000000000000e+00 0.00000000000000000e+00 0.00000000000000000e+00 0.00000000000000000e+00 0.00000000000000000e+00 0.00000000000000000e+00 0.00000000000000000e+00 0.00000000000000000e+00 0.00000000000000000e+00 0.00000000000000000e+00 0.00000000000000000e+00 0.00000000000000000e+00 0.00000000000000000e+00 0.00000000000000000e+00 0.00000000000000000e+00 0.00000000000000000e+00 0.00000000000000000e+00 0.00000000000000000e+00 0.00000000000000000e+00 0.00000000000000000e+00 0.00000000000000000e+00 0.00000000000000000e+00 1.00000000000000000e+00 0.00000000000000000e+00 0.00000000000000000e+00 0.00000000000000000e+00 0.00000000000000000e+00 0.00000000000000000e+00 0.00000000000000000e+00 
0.00000000000000000e+00 0.00000000000000000e+00 0.00000000000000000e+00 0.00000000000000000e+00 0.00000000000000000e+00 0.00000000000000000e+00 0.00000000000000000e+00 0.00000000000000000e+00 0.00000000000000000e+00 0.00000000000000000e+00 1.00000000000000000e+00 0.00000000000000000e+00 0.00000000000000000e+00 0.00000000000000000e+00 0.00000000000000000e+00 0.00000000000000000e+00 0.00000000000000000e+00 0.00000000000000000e+00 0.00000000000000000e+00 0.00000000000000000e+00 0.00000000000000000e+00 0.00000000000000000e+00 0.00000000000000000e+00 0.00000000000000000e+00 0.00000000000000000e+00 0.00000000000000000e+00 0.00000000000000000e+00 0.00000000000000000e+00 0.00000000000000000e+00 0.00000000000000000e+00 0.00000000000000000e+00 0.00000000000000000e+00 0.00000000000000000e+00 0.00000000000000000e+00 0.00000000000000000e+00 0.00000000000000000e+00 0.00000000000000000e+00 0.00000000000000000e+00 0.00000000000000000e+00 0.00000000000000000e+00 0.00000000000000000e+00 0.00000000000000000e+00 0.00000000000000000e+00 0.00000000000000000e+00 0.00000000000000000e+00 0.00000000000000000e+00 0.00000000000000000e+00 0.00000000000000000e+00 0.00000000000000000e+00 0.00000000000000000e+00 0.00000000000000000e+00 0.00000000000000000e+00 0.00000000000000000e+00 0.00000000000000000e+00 0.00000000000000000e+00 0.00000000000000000e+00 0.00000000000000000e+00 0.00000000000000000e+00 0.00000000000000000e+00 0.00000000000000000e+00 0.00000000000000000e+00 0.00000000000000000e+00 0.00000000000000000e+00 0.00000000000000000e+00 0.00000000000000000e+00 0.00000000000000000e+00 0.00000000000000000e+00 0.00000000000000000e+00 0.00000000000000000e+00 0.00000000000000000e+00 
2.21108754891339056e-02 2.21108754891339056e-02 4.74776885966424440e-06 0.00000000000000000e+00 0.00000000000000000e+00 0.00000000000000000e+00 0.00000000000000000e+00 0.00000000000000000e+00 0.00000000000000000e+00 0.00000000000000000e+00 0.00000000000000000e+00 7.16183904913147984e-02 7.16183904913147984e-02 1.09804062746313266e-03 8.68647933639469636e-06 4.81980989173740493e-04 2.07739197987099532e-04 2.07739197987099532e-04 1.09780897695138310e-02 1.09780897695138310e-02 1.44733705823408217e-19 1.36013994996411813e-21 0.00000000000000000e+00 0.00000000000000000e+00 8.56935591757717607e-02 2.68077426441762114e-02 7.42750974639743659e-03 2.12208693179331345e-02 8.45805892852959269e-03 6.76400434700081925e-03 6.76400434700081925e-03 1.15979945771179094e-02 1.06673317618046074e-05 1.12131411374108119e-04 8.01275373044949002e-02 8.01275373044949002e-02 1.31647869564705894e-01 1.31647869564705894e-01 7.17595929152366196e-02 2.07794310616098876e-01 9.23059910016267526e-01 4.70874141472182872e-01 6.96875781083397206e-01 1.00000000000000000e+00 0.00000000000000000e+00 0.00000000000000000e+00 0.00000000000000000e+00 0.00000000000000000e+00 1.46894252946408346e-03 6.61673668233105154e-05 7.90785110589517142e-07 7.90785110589517142e-07 2.39851508226331783e-06 2.39851508226331783e-06 6.80204082387879479e-06 6.80204082387879479e-06 7.40990607268361656e-06 2.82082884260757109e-07 8.93376696355660783e-06 8.93376696355660783e-06 0.00000000000000000e+00 0.00000000000000000e+00 0.00000000000000000e+00 0.00000000000000000e+00 1.28573456043317015e-11 4.05632488785550694e-11 3.47069110144054370e-11 1.19010857666327363e-10 2.98519641395907692e-12 2.67758676216488737e-14 
5.09067293796476514e-02 5.09067293796476514e-02 1.89907306941270370e-05 0.00000000000000000e+00 0.00000000000000000e+00 0.00000000000000000e+00 0.00000000000000000e+00 0.00000000000000000e+00 0.00000000000000000e+00 0.00000000000000000e+00 0.00000000000000000e+00 2.97537024009448869e-01 2.97537024009448869e-01 4.87967605990373421e-03 3.86905639249217711e-05 2.14682607782814682e-03 3.39988191265532761e-04 3.39988191265532761e-04 1.76727289530976481e-02 1.76727289530976481e-02 1.09144716313686064e-18 6.63726505771450751e-20 0.00000000000000000e+00 0.00000000000000000e+00 8.55519448262261561e-01 8.68489769078566121e-01 3.39739439426992196e-01 9.75171977302251802e-01 1.01953636895593086e-01 7.18492691027139002e-02 7.18492691027139002e-02 1.22915238802787818e-01 2.78486061050788953e-05 2.38891895952161258e-04 1.50103600200085924e-01 1.50103600200085924e-01 2.45938058693586842e-01 2.45938058693586842e-01 9.98417120644813916e-02 2.31356809841510080e-01 3.34169519593445347e-02 1.36810559271822903e-02 9.51711749708265310e-03 1.29070216809569101e-02 0.00000000000000000e+00 0.00000000000000000e+00 0.00000000000000000e+00 0.00000000000000000e+00 4.92806576625108811e-04 2.43772025897025386e-05 6.99344323630285977e-07 6.99344323630285977e-07 1.93448568946269634e-06 1.93448568946269634e-06 4.51167646598208982e-06 4.51167646598208982e-06 4.92946392663817050e-06 1.94486198841590564e-07 6.54732771379739854e-06 6.54732771379739854e-06 0.00000000000000000e+00 0.00000000000000000e+00 0.00000000000000000e+00 0.00000000000000000e+00 1.18097398058930358e-11 3.73073879230348404e-11 3.19703474436995712e-11 1.09632160499170923e-10 2.88979410673411159e-12 2.61050972378205298e-14 
3.72424634433129245e-02 3.72424634433129245e-02 9.49548025411686823e-06 0.00000000000000000e+00 0.00000000000000000e+00 0.00000000000000000e+00 0.00000000000000000e+00 0.00000000000000000e+00 0.00000000000000000e+00 0.00000000000000000e+00 0.00000000000000000e+00 1.46306742011740043e-01 1.46306742011740043e-01 2.27173530305531260e-03 1.79841420129699051e-05 9.97878355477315338e-04 2.97223591880254332e-04 2.97223591880254332e-04 1.55457589871110784e-02 1.55457589871110784e-02 7.13958346685140811e-19 4.67891003434664107e-20 0.00000000000000000e+00 0.00000000000000000e+00 2.14174810589927322e-01 7.57470476664979381e-02 2.13490476299180824e-02 6.10074238451616124e-02 3.04217436702336266e-02 2.49987223698645046e-02 2.49987223698645046e-02 4.28875150419516932e-02 1.36815906829198901e-04 5.49329785068270338e-03 4.90226983337384903e-01 4.90226983337384903e-01 8.18501232125547373e-01 8.18501232125547373e-01 4.92102678734724241e-01 7.82839213984247495e-01 5.10494839697032410e-02 2.08241017781528454e-02 1.43738267349729394e-02 1.94862874889257034e-02 0.00000000000000000e+00 0.00000000000000000e+00 0.00000000000000000e+00 0.00000000000000000e+00 6.33025013120795958e-04 3.08778388797637725e-05 7.33565412227947422e-07 7.33565412227947422e-07 2.08788814401083708e-06 2.08788814401083708e-06 5.08214412733512149e-06 5.08214412733512149e-06 5.54858789029044296e-06 2.16942275027372164e-07 7.18730077310547078e-06 7.18730077310547078e-06 0.00000000000000000e+00 0.00000000000000000e+00 0.00000000000000000e+00 0.00000000000000000e+00 1.21394437227345776e-11 3.83330037492166814e-11 3.28332917142807837e-11 1.12589719458256465e-10 2.92091004529267624e-12 2.63249217659546462e-14 
5.85841492100857425e-03 5.85841492100857425e-03 8.54383320569188038e-05 0.00000000000000000e+00 0.00000000000000000e+00 0.00000000000000000e+00 0.00000000000000000e+00 0.00000000000000000e+00 0.00000000000000000e+00 0.00000000000000000e+00 0.00000000000000000e+00 4.53087470027539740e-01 4.53087470027539740e-01 9.42510909492620619e-01 1.78794736310034438e-02 1.00000000000000000e+00 1.62384703429396338e-05 1.62384703429396338e-05 8.11402025771606008e-04 8.11402025771606008e-04 2.10412972117147230e-17 2.83186674386219992e-18 0.00000000000000000e+00 0.00000000000000000e+00 6.90376470728905178e-01 1.22748506242946823e-01 3.36503158720339174e-02 9.61376868741418006e-02 1.01740286438420549e-01 4.12715551417380394e-02 4.12715551417380394e-02 7.00671782271759941e-02 1.22739375450174239e-06 7.33491865839007264e-06 4.07954598901429880e-03 4.07954598901429880e-03 6.62466819302130316e-03 6.62466819302130316e-03 1.21971198621288485e-03 1.41564403528988123e-03 3.32077536886087629e-04 1.36596824061393563e-04 9.59506094304103126e-05 1.30186901461331949e-04 0.00000000000000000e+00 0.00000000000000000e+00 0.00000000000000000e+00 0.00000000000000000e+00 5.30006692909852526e-06 2.59464793030012221e-07 5.82394840785543054e-09 5.82394840785543054e-09 1.72734047020946233e-08 1.72734047020946233e-08 3.58408818412855391e-08 3.58408818412855391e-08 3.90003897358526666e-08 1.46491956057547808e-09 4.44199930878002700e-08 4.44199930878002700e-08 0.00000000000000000e+00 0.00000000000000000e+00 0.00000000000000000e+00 0.00000000000000000e+00 2.95733810884846699e-14 9.21448919746949597e-14 7.76781652703554929e-14 2.66240678147160728e-13 2.98240177460601070e-15 2.12643194826832650e-17 
1.89373929026734268e-03 1.89373929026734268e-03 4.27257573930838919e-06 0.00000000000000000e+00 0.00000000000000000e+00 0.00000000000000000e+00 0.00000000000000000e+00 0.00000000000000000e+00 0.00000000000000000e+00 0.00000000000000000e+00 0.00000000000000000e+00 6.35214508569991732e-02 6.35214508569991732e-02 1.81615633041837710e-03 1.45761569618691129e-05 8.08844915611710443e-04 5.56558577079224555e-06 5.56558577079224555e-06 2.74713236291083268e-04 2.74713236291083268e-04 3.94195094275915680e-18 3.85432917561408346e-19 0.00000000000000000e+00 0.00000000000000000e+00 3.67326869681685375e-01 1.66984231998009436e-01 5.16832565961373100e-02 1.47859954053459280e-01 1.00000000000000000e+00 5.84116319269349815e-01 5.84116319269349815e-01 1.00000000000000000e+00 6.68059939564628663e-06 4.03160365218379203e-05 1.88900358921334013e-02 1.88900358921334013e-02 3.09290201121162241e-02 3.09290201121162241e-02 9.08620237692011126e-03 1.60746752991396090e-02 5.29228610934341713e-04 2.13654768933136129e-04 1.44163040872676170e-04 1.95220153604063108e-04 0.00000000000000000e+00 0.00000000000000000e+00 0.00000000000000000e+00 0.00000000000000000e+00 3.19354734340613229e-06 1.42687290417992289e-07 8.56943888837387412e-10 8.56943888837387412e-10 3.20496640629445779e-09 3.20496640629445779e-09 7.52407234941409058e-09 7.52407234941409058e-09 8.11920620743655653e-09 2.75768702872100095e-10 6.87471160059680856e-09 6.87471160059680856e-09 0.00000000000000000e+00 0.00000000000000000e+00 0.00000000000000000e+00 0.00000000000000000e+00 1.15860826173433340e-15 3.55205148733795804e-15 2.93739449971502969e-15 1.00620418071959546e-14 4.36803142524354337e-17 2.42509188731586268e-19 
2.13465890364416579e-03 2.13465890364416579e-03 2.04117280867403253e-07 0.00000000000000000e+00 0.00000000000000000e+00 0.00000000000000000e+00 0.00000000000000000e+00 0.00000000000000000e+00 0.00000000000000000e+00 0.00000000000000000e+00 0.00000000000000000e+00 3.28577723732741714e-05 3.28577723732741714e-05 6.33751268106867789e-06 6.59894637772146103e-08 5.91605474913907964e-10 1.22748686084275436e-04 1.22748686084275436e-04 2.65976021419956543e-06 2.65976021419956543e-06 1.70044960083765184e-19 2.85803301922593010e-22 0.00000000000000000e+00 0.00000000000000000e+00 2.83220954398082553e-05 6.57887634389733492e-05 4.09797132672928927e-07 1.33493661876753313e-09 1.53075722578495070e-06 3.24425012306728324e-06 3.24425012306728324e-06 9.63172919158646825e-08 1.46837218766226790e-04 6.55406425643700657e-05 3.07118728286428285e-05 3.07118728286428285e-05 3.38814080458087199e-05 3.38814080458087199e-05 1.76409795029594958e-04 4.69786565241845277e-05 4.88299204925354485e-06 7.41774184033014410e-06 8.30672064400498685e-06 5.29469170363966866e-06 0.00000000000000000e+00 0.00000000000000000e+00 0.00000000000000000e+00 0.00000000000000000e+00 1.27806605781533174e-04 3.48600430974250011e-04 1.22908328378783602e-02 1.22908328378783602e-02 7.58281464724251241e-03 7.58281464724251241e-03 1.38183639143334234e-04 1.38183639143334234e-04 1.44650267356211154e-05 4.26405626494659571e-04 3.47665703476473349e-04 3.47665703476473349e-04 0.00000000000000000e+00 0.00000000000000000e+00 0.00000000000000000e+00 0.00000000000000000e+00 3.54457625776528678e-03 1.83238721897726535e-03 1.40417105717572006e-04 4.89185546403737780e-05 8.40731675792660005e-02 1.00000000000000000e+00 
0.00000000000000000e+00 0.00000000000000000e+00 0.00000000000000000e+00 0.00000000000000000e+00 0.00000000000000000e+00 0.00000000000000000e+00 0.00000000000000000e+00 0.00000000000000000e+00 0.00000000000000000e+00 0.00000000000000000e+00 0.00000000000000000e+00 0.00000000000000000e+00 0.00000000000000000e+00 0.00000000000000000e+00 0.00000000000000000e+00 0.00000000000000000e+00 0.00000000000000000e+00 0.00000000000000000e+00 0.00000000000000000e+00 0.00000000000000000e+00 0.00000000000000000e+00 0.00000000000000000e+00 0.00000000000000000e+00 0.00000000000000000e+00 0.00000000000000000e+00 0.00000000000000000e+00 0.00000000000000000e+00 0.00000000000000000e+00 0.00000000000000000e+00 0.00000000000000000e+00 0.00000000000000000e+00 0.00000000000000000e+00 0.00000000000000000e+00 0.00000000000000000e+00 0.00000000000000000e+00 0.00000000000000000e+00 0.00000000000000000e+00 0.00000000000000000e+00 0.00000000000000000e+00 0.00000000000000000e+00 0.00000000000000000e+00 0.00000000000000000e+00 0.00000000000000000e+00 0.00000000000000000e+00 0.00000000000000000e+00 1.00000000000000000e+00 0.00000000000000000e+00 0.00000000000000000e+00 0.00000000000000000e+00 0.00000000000000000e+00 0.00000000000000000e+00 0.00000000000000000e+00 0.00000000000000000e+00 0.00000000000000000e+00 0.00000000000000000e+00 0.00000000000000000e+00 0.00000000000000000e+00 0.00000000000000000e+00 0.00000000000000000e+00 0.00000000000000000e+00 0.00000000000000000e+00 0.00000000000000000e+00 0.00000000000000000e+00 0.00000000000000000e+00 0.00000000000000000e+00 0.00000000000000000e+00 0.00000000000000000e+00 0.00000000000000000e+00 0.00000000000000000e+00 0.00000000000000000e+00 
0.00000000000000000e+00 0.00000000000000000e+00 0.00000000000000000e+00 0.00000000000000000e+00 0.00000000000000000e+00 0.00000000000000000e+00 0.00000000000000000e+00 0.00000000000000000e+00 0.00000000000000000e+00 0.00000000000000000e+00 0.00000000000000000e+00 0.00000000000000000e+00 0.00000000000000000e+00 0.00000000000000000e+00 0.00000000000000000e+00 0.00000000000000000e+00 0.00000000000000000e+00 0.00000000000000000e+00 0.00000000000000000e+00 0.00000000000000000e+00 0.00000000000000000e+00 0.00000000000000000e+00 0.00000000000000000e+00 0.00000000000000000e+00 0.00000000000000000e+00 0.00000000000000000e+00 0.00000000000000000e+00 0.00000000000000000e+00 0.00000000000000000e+00 0.00000000000000000e+00 0.00000000000000000e+00 0.00000000000000000e+00 0.00000000000000000e+00 0.00000000000000000e+00 0.00000000000000000e+00 0.00000000000000000e+00 0.00000000000000000e+00 0.00000000000000000e+00 0.00000000000000000e+00 0.00000000000000000e+00 0.00000000000000000e+00 0.00000000000000000e+00 0.00000000000000000e+00 0.00000000000000000e+00 0.00000000000000000e+00 0.00000000000000000e+00 0.00000000000000000e+00 1.00000000000000000e+00 0.00000000000000000e+00 0.00000000000000000e+00 0.00000000000000000e+00 0.00000000000000000e+00 0.00000000000000000e+00 0.00000000000000000e+00 0.00000000000000000e+00 0.00000000000000000e+00 0.00000000000000000e+00 0.00000000000000000e+00 0.00000000000000000e+00 0.00000000000000000e+00 0.00000000000000000e+00 0.00000000000000000e+00 0.00000000000000000e+00 0.00000000000000000e+00 0.00000000000000000e+00 0.00000000000000000e+00 0.00000000000000000e+00 0.00000000000000000e+00 0.00000000000000000e+00 0.00000000000000000e+00 
1.95760911107827149e-03 1.95760911107827149e-03 2.18326073683422226e-07 0.00000000000000000e+00 0.00000000000000000e+00 0.00000000000000000e+00 0.00000000000000000e+00 0.00000000000000000e+00 0.00000000000000000e+00 0.00000000000000000e+00 0.00000000000000000e+00 2.49335311555757468e-05 2.49335311555757468e-05 5.03977852951380166e-06 1.00210152353308865e-08 1.34699154925631394e-07 2.20385427227588998e-05 2.20385427227588998e-05 4.08821263472709817e-04 4.08821263472709817e-04 1.18825671506467872e-21 3.03162726128230939e-20 0.00000000000000000e+00 0.00000000000000000e+00 2.17323485855819165e-05 4.14203487978407009e-05 4.50365217685503489e-07 4.27734503591413871e-07 8.94571845990483607e-07 1.78069262666970352e-06 1.78069262666970352e-06 2.58068827623321353e-06 5.56374678537553194e-05 2.13330109879004921e-04 8.56791972980850189e-05 8.56791972980850189e-05 1.35046819221263195e-04 1.35046819221263195e-04 3.33111815779128253e-04 7.04132429106658030e-05 1.20107855386741342e-05 1.45915293051524980e-05 1.73377963735416459e-05 1.67035451953715205e-05 0.00000000000000000e+00 0.00000000000000000e+00 0.00000000000000000e+00 0.00000000000000000e+00 8.05602759969421909e-04 6.18014962872131808e-04 5.43510793369090806e-02 5.43510793369090806e-02 7.56299825545031328e-03 7.56299825545031328e-03 5.48389552304734754e-04 5.48389552304734754e-04 3.34247847647363528e-05 5.63522266536190420e-05 6.14590185767906953e-04 6.14590185767906953e-04 0.00000000000000000e+00 0.00000000000000000e+00 0.00000000000000000e+00 0.00000000000000000e+00 1.64136354335417123e-02 1.82623997570532546e-03 1.72408681234557405e-04 2.73832210103385919e-04 1.00000000000000000e+00 8.48042869506939745e-02 
0.00000000000000000e+00 0.00000000000000000e+00 0.00000000000000000e+00 0.00000000000000000e+00 0.00000000000000000e+00 0.00000000000000000e+00 0.00000000000000000e+00 0.00000000000000000e+00 0.00000000000000000e+00 0.00000000000000000e+00 0.00000000000000000e+00 0.00000000000000000e+00 0.00000000000000000e+00 0.00000000000000000e+00 0.00000000000000000e+00 0.00000000000000000e+00 0.00000000000000000e+00 0.00000000000000000e+00 0.00000000000000000e+00 0.00000000000000000e+00 0.00000000000000000e+00 0.00000000000000000e+00 0.00000000000000000e+00 0.00000000000000000e+00 0.00000000000000000e+00 0.00000000000000000e+00 0.00000000000000000e+00 0.00000000000000000e+00 0.00000000000000000e+00 0.00000000000000000e+00 0.00000000000000000e+00 0.00000000000000000e+00 0.00000000000000000e+00 0.00000000000000000e+00 0.00000000000000000e+00 0.00000000000000000e+00 0.00000000000000000e+00 0.00000000000000000e+00 0.00000000000000000e+00 0.00000000000000000e+00 0.00000000000000000e+00 0.00000000000000000e+00 0.00000000000000000e+00 0.00000000000000000e+00 0.00000000000000000e+00 0.00000000000000000e+00 1.00000000000000000e+00 0.00000000000000000e+00 0.00000000000000000e+00 0.00000000000000000e+00 0.00000000000000000e+00 0.00000000000000000e+00 0.00000000000000000e+00 0.00000000000000000e+00 0.00000000000000000e+00 0.00000000000000000e+00 0.00000000000000000e+00 0.00000000000000000e+00 0.00000000000000000e+00 0.00000000000000000e+00 0.00000000000000000e+00 0.00000000000000000e+00 0.00000000000000000e+00 0.00000000000000000e+00 0.00000000000000000e+00 0.00000000000000000e+00 0.00000000000000000e+00 0.00000000000000000e+00 0.00000000000000000e+00 0.00000000000000000e+00 
0.00000000000000000e+00 0.00000000000000000e+00 0.00000000000000000e+00 0.00000000000000000e+00 0.00000000000000000e+00 0.00000000000000000e+00 0.00000000000000000e+00 0.00000000000000000e+00 0.00000000000000000e+00 0.00000000000000000e+00 0.00000000000000000e+00 0.00000000000000000e+00 0.00000000000000000e+00 0.00000000000000000e+00 0.00000000000000000e+00 0.00000000000000000e+00 0.00000000000000000e+00 0.00000000000000000e+00 0.00000000000000000e+00 0.00000000000000000e+00 0.00000000000000000e+00 0.00000000000000000e+00 0.00000000000000000e+00 0.00000000000000000e+00 0.00000000000000000e+00 0.00000000000000000e+00 0.00000000000000000e+00 0.00000000000000000e+00 0.00000000000000000e+00 0.00000000000000000e+00 0.00000000000000000e+00 0.00000000000000000e+00 0.00000000000000000e+00 0.00000000000000000e+00 0.00000000000000000e+00 0.00000000000000000e+00 0.00000000000000000e+00 0.00000000000000000e+00 0.00000000000000000e+00 0.00000000000000000e+00 0.00000000000000000e+00 0.00000000000000000e+00 0.00000000000000000e+00 0.00000000000000000e+00 1.00000000000000000e+00 0.00000000000000000e+00 0.00000000000000000e+00 0.00000000000000000e+00 0.00000000000000000e+00 0.00000000000000000e+00 0.00000000000000000e+00 0.00000000000000000e+00 0.00000000000000000e+00 0.00000000000000000e+00 0.00000000000000000e+00 0.00000000000000000e+00 0.00000000000000000e+00 0.00000000000000000e+00 0.00000000000000000e+00 0.00000000000000000e+00 0.00000000000000000e+00 0.00000000000000000e+00 0.00000000000000000e+00 0.00000000000000000e+00 0.00000000000000000e+00 0.00000000000000000e+00 0.00000000000000000e+00 0.00000000000000000e+00 0.00000000000000000e+00 0.00000000000000000e+00 
